key,count,example
article_title,291325,walter extra
name,267532,walter extra
birth_date,233192,14 april 1922
birth_place,228353,ljubljana
image,106722,majda vrhovnik.jpg
death_date,80018,04 may 1945
position,76045,midfielder
occupation,75835,aircraft designer and manufacturer
death_place,66757,klagenfurt
caption,61890,l. matros
nationality,55132,german
fullname,53450,george r. collins
clubs,46954,collingwood brisbane bears
birth_name,37702,theodore ted kronowitz
spouse,35518,virginija zingeris
alma_mater,27830,faculty of medicine
currentclub,27466,tianjin teda
predecessor,27134,conrad burns michael bennet maria cantwell bob keenan
party,26272,communist
genre,25529,rock
successor,24540,john barrasso mike cooney jim peterson jim shockley
years_active,24214,2003 -- present
background,23873,solo_singer
youthclubs,23871,tianjin locomotive
nationalteam,23109,colombia
term_start,22368,january 3
office,20038,chairman of the democratic senatorial campaign committee chairman of the senate 
term_end,18173,january 3
residence,17801,bensonhurst
height,17005,1.80 m
pcupdate,16654,7 nov 2013
religion,15736,congregationalism
label,15132,sony music entertainment laceywood records
weight,14799,70 kg lb st on
origin,14526,new zealand
awards,14341,order of merit of the italian republic 2009
known_for,13326,people 's hero of yugoslavia
children,13136,azmeh dawood shahzada dawood sabrina dawood abdus samad dawood
associated_acts,12654,arcángel
college,12440,san diego state
rank,12338,intelligence officer
statlabel,12209,batting average home runs runs batted in
debutteam,11439,collingwood
instrument,11269,vocals
sport,11088,gaelic football
club,10685,laune rangers
branch,10602,french army
allegiance,10230,france
team,9824,pittsburgh penguins
title,9411,united states attorney general
country,9181,england
finalteam,8887,kansas city royals
battles,8835,first indochina war suez crisis algerian war
profession,8447,engineer
debutdate,8314,round 1
website,8051,senate website
throws,7801,right
bats,7698,right
field,7450,painter
order,7005,53rd
education,6650,medicine
ntupdate,6639,7 september 2012
managerclubs,6616,bsv Ölper 2000 player manager
years,6357,1987 -- 1993 1994 -- 1995 total '
finaldate,6316,april 24
source,6310,cricinfo
parents,6236,ahmed dawood
district,6174,15th 45th
yearsactive,6174,1998-present
nickname,6007,turbo durbo
updated,5902,october 10
date,5677,1977 11 11 yes
league,5423,nhl
birthname,5230,llewellyn heycock
alias,5007,el narco hampón el rey de la perla del sur el general el rey del Área sur
commands,4995,hms orwell victorious r38 6
shoots,4966,left
batting,4886,right-handed
unit,4420,foreign legion 1st foreign parachute regiment
role,4388,all-rounder
state,4316,montana
current_members,4313,barry saunders alan norman nik brown mo ' newport sid limbert
father,4264,george vi
column,4157,tests odi fc la
highschool,4071,lakeside ca el capitan
draft_team,3948,new jersey devils
draft,3917,216th overall
succeeded,3913,charles f. wright
ethnicity,3858,breton april 2012
preceded,3858,edwin j. jorden
bowling,3756,right arm fast-medium
nfl,3733,gil471408
other_names,3661,lojzka
past_members,3571,wayne mason clint brown mike knapp
mother,3566,elizabeth bowes-lyon
citizenship,3564,great britain
event,3402,men 's singles
caps,3373,? 7 ?
alt,3317,last picture at the entrance to pko bank in 64th krakowskie avenue in lublin .
resting_place,3037,klagenfurt
goals,2970,? 0 ?
fields,2956,nuclear physics
type,2911,bishop
currentteam,2878,new england patriots
president,2844,simón bolívar
deliveries,2772,balls 252 642 7293 4833
tenfor,2767,-- n
placeofburial,2741,cunningham cemetery
death_cause,2726,shot
coach_team,2696,navarro college cbs louisiana tech cbs texas tech dbs
issue,2674,david armstrong-jones
relatives,2669,rajani nair
medaltemplates,2658,women 's athletics
workplaces,2655,institute for radium research
played_for,2642,new york islanders dallas stars kentucky thoroughblades lowell lock monsters mic
native_name,2604,宮城野 錦之助
state_house,2590,texas
constituency,2561,south-east france france paris 3rd district of the seine provence-alpes-côte d'a
originalteam,2543,east perth wafl
discipline,2542,track and road
primeminister,2473,fredrik reinfeldt carl bildt
high_school,2453,fork union military academy fork union
notableworks,2412,americas
pfr,2325,mccajo23
status,2322,active
heightweight,2281,180 & nbsp
placeofburial_label,2263,place of burial
house,2235,house of windsor
movement,2220,romanticism
ru_position,2208,forward
constituency_mp,2154,hong kong island
relations,2140,marine le pen daughter marion maréchal-le pen granddaughter
bgcolour,2136,# 76a8ff
influences,2074,charles brockden brown
style,2071,southpaw
parliament,2068,hong kong hong kong
doctoral_advisor,2066,rolf m. steffen
employer,2060,rögle bk
serviceyears,2046,???? -- 1746
former_teams,2030,new jersey devils calgary flames
school,2022,st bernard 's college
signature,1979,jean-marie le pen signature.jpg
othername,1929,henry leroy
catches/stumpings,1928,& ndash
nflnew,1928,ryanlindley
ntl_team,1834,can
year,1830,1987 & ndash
player_team,1739,texas tech san francisco 49ers green bay packers oakland raiders cologne centuri
headercolor,1729,lightblue
monarch,1722,ferdinand vii
training,1714,cooper union
fivefor,1712,& ndash
reign,1693,495 -- ? ce
term,1688,january 3
coach,1687,keir worth
succession,1632,4th mughal emperor
laterwork,1597,the tillman story promotion
ru_nationalteam,1586,england
s/s,1577,& ndash
state_senate,1514,montana montana
strokes,1513,backstroke
notable_instruments,1499,guitar
teama,1484,new south wales
databasefootball,1422,ridgwcol01
work_institutions,1363,kraków academy
prizes,1360,nobel prize in physiology or medicine in 1956
work_institution,1356,university of the philippines
highestsinglesranking,1342,no . ' 1 ' april 20
plays,1316,right-handed two-handed backhand
testdebutdate,1299,7 august
church,1289,roman catholic
teams,1285,akron pros canton bulldogs
proteam,1281,team jayco-skins gec 2012a
coach_years,1276,2008-2009 2010-2012 2013-present
language,1264,catalan
consecration,1253,april 23
period,1239,1997 publications as writer
lasttestdate,1231,31 august
province,1231,munster
home_town,1224,bahrain hoora
highestdoublesranking,1218,no. 8 may 12
see,1194,iowa
player_positions,1188,safety
influenced,1183,pascal boyer
ordination,1179,june 6
partner,1170,se7en 2002-2014 jung eun-woo 2014-2015
titles,1135,porsche carrera cup gb -- pro
playing_team,1134,michigan wolverines
hair_color,1116,black
feast_day,1115,9 december
ru_proclubs,1100,suntory sungoliath canon eagles
bbr,1086,willish01
notable_works,1080,lira dos vinte anos
venerated_in,1031,roman catholic church congregation of the passion
realname,1026,cliff nancurvis
restingplace,1025,mount olivet cemetery detroit
eye_color,1008,brown
governor,1005,sir henry barkly henry bartle frere
wimbledonresult,999,sf 2009
wickets,991,& ndash
overall_record,986,3 & ndash
usopenresult,975,sf 2008
county,967,kerry
code,963,football
youthyears,963,000 ? -- 1997
appointer,956,harry s. truman
doctoral_students,956,nicolaus copernicus
counties,954,kerry
frenchopenresult,940,f 2008
weight_class,928,welterweight
appointed,923,april 23
trainer,909,cueball carmichael steve corino jeff hardy matt hardy
statyear,908,august 15
names,899,otto schwanz ' bo dupp big murray dupp murray happer baron von happer
family,882,aj hollioake brother
icposition,881,left corner-forward
otherparty,877,psdi until 1994 forza italia 1994-2009 the people of freedom 2009-2013
subject,875,ornithology quakerism gandhi india
pseudonym,867,paul păun
hometown,857,port of spain
championships,852,' 5x high school national championships ' 1962
works,838,dreamspace
australianopenresult,835,f 2009
current_team,831,texas tech
current_title,827,defensive backs coach
majorwins,818,grand tours '
color,799,#b 0c4de
pb,798,half-marathon ' : 1:12:29 2008 marathon ' : 2:30:29 2008
module,788,yes role = batting = right-handed batsman bowling = club1 = central districts ye
irish,783,tadhg pléimeann
collegeteam,778,university of texas
organization,777,studio artline inc
honorific_suffix,760,country = zar ssa52 sm52
nationalyears,752,2008 & ndash
university,744,nelson mandela metropolitan university
open,738,t29 : 1989
odidebutagainst,735,australia
usopen,735,t29 : 1989
draftpick,733,no. 47
odidebutdate,733,25 may
masters,732,dnp
other_post,731,auxiliary bishop of san francisco 1939 -- 1948 coadjutor bishop of seattle 1948 
pga,726,t24 : 1996
teamb,726,australia
extour,724,pga tour nationwide tour
testdebutagainst,716,australia
consecrated_by,714,rt. rev. william bacon stevens
fighting_out_of,705,boston
previous_post,705,auxiliary bishop of portsmouth 1905-1910
currentposition,702,long snapper
main_interests,698,al-qur an exegesis
lastodiagainst,697,india
lastodidate,695,28 january
reach,695,68 in cm on
dbf,692,johnsgre01
currentpositionplain,690,quarterback
debutagainst,687,hampshire
debutfor,685,somerset
ru_amateurclubs,685,castaway wanderers rfc
native_name_lang,681,mossèn alcover
formercoach,665,valeriy tiukov
honorific_prefix,664,general
lieutenant,662,eugene lammot alexis du pont bayard
statvalue,662,892 5.8 ppg 518 1.6 rpg 765 2.4 apg
wimbledondoublesresult,659,3r 2005
playing_teams,651,duquesne country & a.c. homestead library & a. c. philadelphia phillies nfl new 
lasttestagainst,648,sri lanka
ridertype,634,time trialist
era,624,modern era
school_tradition,624,shafi'i
credits,623,bbc three bbc news bbc world news
region,622,nusheri scholar
television,619,the bill
diocese,617,uppsala
tour,616,european tour joined 1996
jr/sr,601,united states senator
thesis_title,600,on the attenuation of the angular correlation of gamma rays resulting from the d
assembly,593,penang state
constituency_am,592,pantai jerejak
subcat,584,american
ru_clubupdate,566,19 january 2015
ended,558,between 766 and 774
catches,557,left
lastdate,557,25 june
singlestitles,556,12 wta
yearend,555,06 present
usopendoublesresult,553,w ' 2007
doublestitles,552,9 wta
deputy,549,dan harrington
dynasty,546,komnenos
ru_ntupdate,543,27 august 2015
riding,542,alfred-pellan
lastagainst,540,essex
lastfor,539,somerset
ru_province,532,wellington hawke 's bay
pinyinchinesename,531,lǐ bīngbīng
debut,527,october 1766
frenchopendoublesresult,524,3r 2006
agent,522,yg entertainment 2002-2004 msteam entertainment 2004-2011 jf entertainment 2011-
currentsinglesranking,515,no. 745 13 july 2015
australianopendoublesresult,504,qf 2004
rr,494,yu seong - won
clposition,491,forward
burial_place,487,lat long inline
retired,485,may 11
mr,484,ryu sŏngwŏn
stats_league,479,nba
gender,474,female
formerpartner,466,peter bartosiewicz
currentdoublesranking,459,no. 1212 29 september 2014
hangul,452,유성원
current_conference,449,big 12 conference
billed,438,blasmireinen
amateurteam,435,bournemouth arrow cc west croydon wheelers
buried,431,holyrood catholic cemetery
majority,427,7.8 points 2011
enthroned,421,may 18
patronage,420,young men and women discerning their vocations
conviction,416,murder
choreographer,415,rostislav sinicyn
manageryears,415,2006 & ndash
image_size,411,150x200px
alongside,407,steve daines
nationalcompetition,405,miss venezuela mundo 2015 1st runner-up
player_years,404,1958 & ndash
statleague,401,kbo
medium,398,television
nominator,393,john d. long 48
significant_buildings,393,asker town hall
footnotes,392,1 mayfield was a persistent bluegrass musician primarily in the texas panhandle 
clubupdate,388,20 may 2015
cteam,387,tulane assistant
debutleague,386,kbo
tradchinesename,386,周慧敏
yearstart,382,≤ 2002 2002
team_link,380,tulane green wave men 's basketball
aflstatlabel,379,comp .
playing_years,377,1972 & ndash
icupdate,375,18:01 . 17 november 2012
measurements,375,33-26-38 us
conviction_penalty,374,30 years non-parole
premier,373,dennis patterson nellie cournoyea
simpchinesename,369,郁可唯
nicknames,364,nikki
clyears,363,1980s-2000s
imagesize,358,frameless
competitions,357,miss norway 2014 winner miss universe 2014 unplaced
conviction_status,357,incarceration pending
repteam,355,s.a. universities
formerchoreographer,353,natalia linichuk
draftedround,352,pick 6
coach_sport,350,football basketball baseball
major_shrine,345,passionist monastery moricone
career_position,344,point guard
coat_of_arms,343,coat of arms of james sean wall.svg
hanja,339,柳誠源
area,338,painter
coronation,336,24 october 1605
peakrating,332,2518 january 2011
boards,331,american foundation for equal rights
motto,329,estote factores verbi
state_assembly,327,california
charge,325,murder
leader,323,harry reid
active,322,2005 -- present
resides,321,four oaks
haircolor,320,blonde
attributes,319,passionist religious habit
eyecolor,315,dark brown
headcoach,311,romică molea
significant_projects,309,rockets
termstart,307,january 1939 january 1945 1953 1964
fontcolor,306,white
spike,305,333 cm on
cardinal,304,24 november 2007
image_caption,304,jean eric gassy 's arrest photograph
ordained_by,304,jan mazur
debutstadium,302,victoria park
dead,301,dead
instruments,301,vocals
repupdate,299,8 may 2013
canonized_date,298,25 november 2001
honors,296,1949 - grey cup champion
academic_advisors,294,friedrich ritschl
resting_place_coordinates,294,47 43 6.991 n 16 24 57.932 e type : landmark inline
block,292,315 cm on
institution,291,stanford university
teamc,291,exiles
award,287,lpga of japan tour leading money winner
blankname,283,commissioner
ambassador_from,282,united states united states
namedata,281,sir bernard hogan-howe
career,280,ks toruń pol wybrzeże gdańsk pol stal rzeszów pol västervik swe swindon robins p
proyears,279,1939 & ndash
debutopponent,278,sydney swans
prospect_league,275,ahl
notable_ideas,270,conceptualism
number_of_films,268,167 per iafd
stance,265,orthodox
blank,261,known as
cyears,261,2013 -- present
data,261,betsy mccaughey ross 1995 -- 2000
home,261,guadalajara
jyutpingchinesename,260,zau1 wai6-man5
location,253,montreal
beatified_by,252,pope pius xi
teacher,252,chögyam trungpa dzigar kongtrul rinpoche
vicepresident,250,mompati merafhe ponatshego kedikilwe mokgweetsi masisi
horses,249,flares
race,248,doswell stakes 1876 champion stakes 1882 grand national handicap 1882 freehold s
agency,243,next
class,240,graduate
date_of_highest_ranking,240,january
denomination,239,orthodox
ru_club,237,huddersfield northampton
admin_team,235,rider new york military academy
canonized_by,235,john paul ii
image_name,234,jose miguel battle
beatified_date,231,16 october 1988
termend,231,january 1945 january 1953 1964 1966 his death
offstyle,226,your eminence
wimbledonmixedresult,226,3r 1919
dipstyle,225,his eminence
icyears,225,1998 - present
level,224,international
currenttraininglocations,222,oberstdorf
archdiocese,221,uppsala
ancestry,218,zhongshan
statsend,218,round 21
cis,217,regina
super,217,blues chiefs
selection,216,1963 nasa group 3
careerhighlights,213,* essendon premiership player 1897
tidebutdate,212,27 july
first_cup_race,211,2011 samsung mobile 500 texas
tidebutagainst,211,west indies
cause,209,acute peritonitis caused by traumatic perforation of the colon
notable_work,209,scotland today scotland tonight stv news
update,207,may 2008
cfldraftedteam,206,hamilton tiger-cats
date_of_current_ranking,206,november
pastschools,206,syracuse 1900 & ndash
ru_provinceupdate,206,1 apr 2015
created_cardinal_by,204,pope benedict xvi
notable_students,204,hermann fränkel friedrich leo
singlesrecord,204,360 -- 173 67.54 %
best_cup_pos,201,63rd 2011
institutions,201,clark university
disciplines,200,biathlon
time,200,6d 03h 00m
practice,199,site environmental design
sortkey,199,amendola
lead,197,claudia alvera
minister,197,luo ying-shay tseng yung-fu
races,197,3 2 starts
skip,197,diana gaspari
wusopen,196,t7 : 2014
link,195,bobsleigh
second,195,chiara olivieri
archbishop_of,192,archbishop emeritus of seattle
formertraininglocations,190,asker
superupdate,190,5 july 2015
draft_league,189,wnba
homecountry,189,united states
lpga,188,t13 : 2015
totalcaps,188,487 +
third,187,giorgia apollonio
age,186,reginabrett.jpg
prospect_team,184,wbs penguins
handedness,182,right
lasttidate,182,8 december
cabinet,181,zia cabinet
last_cup_race,181,2011 advocare 500 atlanta
lasttiagainst,181,afghanistan
player_sport,180,football basketball
tournament_record,180,0 & ndash
sooteams,179,victorian b team
teamhonour,179,polish pairs champion
confederation,178,fifa listed afc
internationalrole,175,referee referee
mission,175,apollo 8
nabisco,175,t19 : 2008
pinyin,175,yú jī
totalgoals,175,5 +
doublesrecord,173,14 -- 38 7.3 %
patrons,172,walter chrysler
ru_sevensnationalteam,171,new zealand
highest_ranking,168,no. 17
coachteam,167,brisbane broncos
skis,167,fischer
highestrank,166,sekiwake march 1786
elected,165,19 july 1325
repec_id,165,ppo130
coachclubs,164,west adelaide sanfl
first_busch_race,164,2000 touchstone energy 300 talladega
heya,164,sanoyama
classes,158,8 metre
coa,157,pniejnia
wg,157,yü chi
indivhonour,156,long track world champion london riders ' championship
hand,155,right-handed
url,155,ekaterinaguseva.ru
best_busch_pos,154,26th 2014
kingdom,154,xiang yu
post,154,chief of the defence staff
state_delegate,154,virginia
music,152,sex on fire by kings of leon
career_footnotes,151,* offseason and
committees,151,education
olympicsresult,151,silver medal 2008
apprehended,150,march 8
position_or_quorum,150,3rd general president of the primary
rating,150,no. 65 ranked woman in the august 2015 fide world rankings
bishop_of,149,primate of the romanian greek catholic church
born,147,essex
regent,147,maria ii see list marquis of sá da bandeira baron of ribeira de sabrosa count of
honours,145,champion trainer 1937
last_busch_race,145,2002 sam 's town 300 las vegas
shoesize,145,8 us
first_truck_race,144,1998 chevy trucks 150 phoenix
retireddate,144,march 1796
wcdebut,144,11 january 1997
draft_team_pba,143,rain or shine elasto painters
martial_art,143,shotokan karate
yushos,143,6 makuuchi 1 jonidan
beatified_place,142,vatican city
frenchopenmixedresult,142,w ' 2000
smallimage,142,merrillimillsdetroitmayor.jpg
chinesename,141,李冰冰
ru_clubyears,141,2000 − 14 2014 −
ru_coachclubs,141,canterbury
signature_alt,141,cursive ink signature
penalty,140,life imprisonment
weapon,140,épée
usopenmixedresult,139,w ' 1953
wha_draft,139,9th overall
ru_teama,138,yorkshire
ru_nationalyears,137,2001 −
best_truck_pos,136,4th 2006
laterality,136,right-handed
proteams,136,peugeot
achievements,135,1987 nascar winston west series champion
current_ranking,135,no. 48
label_name,134,ozwald boateng
nfldraftedteam,134,pittsburgh steelers
wbritopen,134,t16 : 2006
olympics,133,2008 ' 10
wha_draft_team,133,houston aeros
nationalteams,129,australia
states,129,texas
birthplace,128,california
highlights,128,all-american 1902
altname,127,liana vozárová
governor_general,127,the lord tweedsmuir the earl of athlone
last_truck_race,125,2013 lucas oil 150 phoenix
prior_term,124,65th 1999-2003
racquet,123,head
relstyle,123,monsignor
restaurants,122,restaurant gordon ramsay pétrus maze savoy grill foxtrot oscar bread street kitc
profile,121,juan-carlos_navarro
daviscupresult,119,w ' 1905
fieranking,119,current ranking
wins,119,13 ko 8
zi,119,zhaobo
author_abbrev_bot,118,risso
ru_currentteam,118,edinburgh
department,117,brighton borough police
station,117,fox fm melbourne
students,117,oswaldo fadda
criminal_charge,116,spoliation and plunder
domesticpartner,116,jason lee 2001 -- 07 alan smyth 2009 --
show,114,elvis duran and the morning show
assistcoach,113,vera shatalina
wcseasons,113,' 5 ' 1977
contributions,111,the econometrics of panel data
ru_currentclub,111,retired
spouses,111,saliha banu begum sufism
turnedpro,111,june 2000
nationalcaps,110,2 ? 5
canonized_place,109,vatican city
coaching_teams,109,hamilton continentals asst illinois fighting illini asst washington redskins ass
australianopenmixedresult,108,w ' 1999
bwf_id,107,3d58e92b-f71b-417c-b01e-6aeaa70c83a3
debut_works,106,come on
img,106,pablopavo kraków 2011.jpg
ru_yearstart,106,≤ 2002 2002 2001 ≤ 2009
wnba_profile,106,jia_perkins
clupdate,105,16:31
detained_at,103,guantanamo
sentence,103,death
lieutenant_governor,102,douglas cameron james a.m. aikins
wcpodiums,102,' 6 '
personalbest,101,209 m 686 ft kulm
victims,100,five confirmed
dumaurier,99,t11 : 1986
full_name,99,george robert stephen
losses,99,4 ko 2
nationalgoals,99,0 ?
nba_profile,99,ansu_sesay
ru_currentposition,99,head coach of australia
service,98,south africa 1994 south africa
significant_awards,98,at least two dozen various registered patents
monuments,97,hampson park
battles_label,96,wars
yearaend,96,≥ 50
portfolio,95,member of the legislative assembly
wcwins,95,' 2 '
ru_amateuryears,94,? ? ? 1880-1881
wctitles,92,2 -- dh
highestranking,91,8 1500m
teamd,91,fiji
tournament,91,north american open
cflstatlabel,90,completions attempts yards touchdowns interceptions
cflstatus,89,non-import
worldsteams,89,' 4 ' 1978
yearastart,89,≤ 1971
crest,88,a seahorse erect gules holding in the fore fins a thistle as in the arms
known,87,general in new model army
native_lang,87,tunisian
olympicsdoublesresult,87,qf 2008
siblings,87,richard mcnamara also in the band
nll_draft,86,10th overall
nll_draft_team,86,buffalo bandits
bestwin,85,aau mr. america - 1st heavyweight and overall
burial,85,nrt iii
cfhof,85,harrisonhermhamhands
chancellor,85,kurt von schleicher
escutcheon,85,per fess or and azure a lymphad oars in action the sail charged with a thistle l
labels,85,ymc records 2006 -- 2007 interscope records 2008 -- present
portals,84,lds
endyear,83,october
members,83,mikhail tereshchenko bogdan khanenko
philosophy,83,trika school of advaita kashmir shaivism
beginyear,80,february
incumbent,80,air chief marshal kolitha gunathilake
specialism,80,neurosurgery paediatric neurosurgery
worlds,80,2009 ' 10
alternate,79,maria gaspari
former_nll_teams,79,buffalo bandits
major,79,engineering
other,79,nicholas
supporters,79,on either side a seahorse or gorged with a chain pendent therefrom a grappling i
britishleague,78,swindon robins
nll_team,78,calgary roughnecks
timeslot,78,monday-friday 6am-10am et
rl_proclubs,77,huddersfield giants newcastle knights st. george dragons
criminal_penalty,76,three years imprisonment
venerated,76,eastern orthodox church
darts,75,20g golden unicorn
ratings,74,michelin stars 3 3 forbes travel guide 4 5 good food guide 10 10
coronet,73,a coronet of a viscount
polishleague,73,stal rzeszów
domesticteams,72,queensland firebirds western flyers nzl sydney sandpipers
firstproshow,72,musclemania - 2002 superbody 1st place pro division
insignia,72,30px30px30px
networth,72,$ 400 million 2014
servicenumber,72,wx1574
significant_design,72,steerable rocket flight
admin_years,71,1955 & ndash
goldstars,71,4 tochinoumi 2
wcoveralls,71,0 -- 3rd in 1973
major_works,70,shangshu kongshi zhuan
other_name,70,dick colla
ru_nationalpoints,70,pts :0
tribe,70,seminole
nfldraftedround,69,pick 23
offices_held,69,provost of st. mary 's cathedral
otheroccupation,69,teacher
coachdebutteam,68,denver broncos
finalleague,68,mlb kbo npb
wimbledonjuniorresult,68,1r 2015
affiliation,67,hanguk kiwon
runs,67,729 133 o 3
native_lang_name,66,ti-i-i-b7
prenomen,66,ankhneferibre neferibre lives
results,66,y y nowrap sheppey darts classic ' 2006 sportsdale.com xmas open ' 2009
frenchopenjuniorresult,65,2r 2015
realm,65,greece
shoe_size,65,us 9
evian,64,t29 : 2014
genres,64,americana
prev_busch_pos,64,26th
ru_yearend,64,02 ≥ 02 ≥ 02 ≥ 09
boots,63,head
notability,63,muslim ascetic
wimbledondoublesjuniorresult,62,w ' 2015
bindings,61,head
conference,61,acc
hofmethod,61,veteran 's committee
nomen,61,amanislo - meryamun amanislo
placeofburial_coordinates,61,43.01420 -71.47095 inline
rl_position,61,five-eighth
ru_amupdate,61,13 september 2008
body_discovered,60,edgars creek
family_name,60,originally zhūyé 朱邪
hofvote,60,87.5 %
salary,60,# 1
tennishofid,60,vic-seixas
weapons,60,.38 special
career_highlights,59,84th & 87th grey cup winner
criminal_status,59,killed during apprehension
motive,59,robbery
natlcoach,59,aleksandr glazunov
olympicteams,59,' 1 ' 1980
patriarch_of,59,patriarch of moscow and all rus '
playingstyle,59,right-handed
styles,59,hsh the prince of bentheim and steinfurt hsh the hereditary prince of bentheim a
worldsmedals,59,' 3 '
context,58,north
disappeared_place,58,at sea
draftedpick,58,78 by the pittsburgh steelers
first_cup_win,58,1971 motor trend 500 riverside
given_name,58,hēità 黑闥
bowl_record,57,0 & ndash
end_reason,57,the lds church transferred its history division to byu in 1982
img_capt,57,pablopavo in cracow
last_cup_win,56,1972 golden state 400 riverside
rl_nationalteam,56,tonga
guru,55,unknown or self-initiated by bhagvad gita
hongkongfilmwards,55,best film ' 2011 gallants
network,55,polaris maker studios
ru_clubpoints,55,? 603 ? 280 72
start_date,55,yes 2013 04 06
coachteama,54,france
frenchopendoublesjuniorresult,54,qf 1997
locations,54,maungatapu track
olympicmedals,54,' 1 '
swedishleague,54,västervik
usopenjuniorresult,54,2r 2014
currentteammate,53,igor tešić
nationals,53,england
pfrcoach,53,schwji0
player_teams,53,florida
lineage,52,shambhala buddhism
masterscupresult,52,f 1973
monarch|name,52,vukan of serbia vukan petrislavov
coachyears,51,1965-present
end_date,51,1943 05 02 yes
mrborn,51,wang sun
pharaoh,51,ramesses ix
rrborn,51,wang sun
afl,50,matt_castelo-11843
gym,50,usa youth fitness centre
horus,50,kanakhtemauiamun userefaw sekhajemwaset k3-nḫt-m-3wj-jmn-wsr-f3w-sḫˁj-m-w3st str
rrja,50,taecho
amatteam,49,bloemfontein crusaders
artist,49,mythos
called_by,49,heber j. grant
former_mll_teams,49,chicago machine san francisco dragons boston cannons
mll_team,49,washington bayhawks
prev_truck_pos,49,24th
wife,49,sultan khatoon and mahmooda begum
yesorretiredyear,49,retired 1993
australianopenjuniorresult,48,3r 2015
firstminister,48,josep-lluís carod-rovira 2003-2004 josep bargalló 2004-2006
mrja,48,t aech ' o
px|caption,48,oskar von xylander during wwi
succeeding,48,cleon turner
usopendoublesjuniorresult,48,1r 2012
web,48,fifi & dave
wghofid,48,sandy-lyle
dress_size,47,us 8
matchplay,47,runner up : 1984
prevrests,47,gordon ramsay at the connaught gordon ramsay at claridge 's amaryllis aubergine
rrho,47,nanggan
associatedact,46,183 club
first_busch_win,46,1995 goody 's 300 daytona
formercountry,46,china
mrho,46,nanggan
sponsors,46,monster energy kingston technology steelseries benq design by humans 100tb sandi
alt_name,45,ramesses the great '
eyecolour,45,blue
goldenhorseawards,45,best actress ' 2009 the message 2009 film
net_worth,45,usd
records,45,4 td receptions
textcolor,45,white
australianopendoublesjuniorresult,44,1r 2014
death_date|birth_place,44,cincinnati
haircolour,44,brown
manageteam,44,madison-genesis
ordained,44,1945 03 17 y
jersey,43,' 26 '
,42,misha brusilovsky mikhail brussilovsky
author_abbrev_zoo,42,risso
clubnumber,42,# 1
died,42,c. 1001 bce
disappeared_date,42,august 1788
hof_player,42,jerry-a-west
last_busch_win,42,1995 ford credit 300 south boston
opponent,42,seven
ru_clubcaps,42,? 47 ? 29 13
tenure,42,10 january 1938 -- 30 march 1954
burial_date,41,10 june 1880 rutherford 2007 126
cfldraftedround,41,undrafted
coaching_years,41,1982 & ndash
founder,41,dr. pedro lopes fránces
mawards,41,victoria cross companion of the order of the bath distinguished service order & 
other_titles,41,8th earl of abergavenny 4th earl of lewes 8th viscount nevill
peerage,41,peerage of scotland
research_field,41,vascular surgery research
twitter,41,@abimana_arya
election_date,40,november 6
queen,40,satenik
amateurteams,39,tigers cycling club
coaching_team,39,case western
congregations,39,st ninian
statlable,39,home runs
afldraftpick,38,49 by the san diego chargers
amateuryears,38,? & ndash
organisation,38,rabbi at west london synagogue 2014 -- present
tradition_movement,38,presbyterian
body,37,louisiana
hrank,37,99 february 2007
id,37,walshy
restingplacecoordinates,37,38.879074 -77.069006 dms inline
voicetype,37,soprano
candidate,36,president of kenya
career_teams,36,connecticut sun 2009 tulsa shock 2010
grandchildren,36,akshay
incumbentsince,36,16 june 2015
ntl_team_,36,rus
prev_cup_pos,36,60th
ru_teamb,36,england
significant_advance,36,controlled
teammates,36,david thomas
currentrank,35,bdo 75
disability_class,35,f55
games,35,halo : ce halo 2 halo 3 halo reach halo 4
hangulborn,35,김법민
internationalyears,35,1999 & ndash
quote,35,bidding adieu to ones ego leads one to self realisation .
wcrelayspodiums,35,' 1 '
yeshiva,35,mir brachfeld
deathstyle,34,not applicable
debutinformation,34,round 4
moretext,34,more . .
p,34,Àixīnjuéluó wūlāxīchūn
prevshow,34,fifi and jules on today network the shebang on triple m
appearances,33,378 +32 72
appearancesa,33,≥ 1
eva,33,1 5 hours 4 minutes
place,33,enumclaw
regionals,33,17th at the 2010 european athletics championships
skin_color,33,olive
typeofclimber,33,sport climbing
former_groups,32,santa cruz ballet theatre
hopmancupresult,32,f 2009
magnum_opus,32,a soldier 's play
wrestling,32,olympic freestyle wrestling
added_date,31,december 7
afldraftedpick,31,15 by the houston oilers
coachfinalteam,31,miami university
coachteams,31,college rovers
colour,31,#f 5411e
domesticyears,31,2004 -- 09 2010 -- present
hoflink,31,national baseball hall of fame
hoftype,31,national nomination
inaugural,31,* general rohan daluwatte
state_legislature,31,nebraska
worldranking,31,' 1 ' 2015 season - 2015 08 24 ' 1 ' 2014 season ' 4 ' 2013 season
yeshivaposition,31,rosh yeshiva
amateur_team,30,edmonton wildcats
amateur_title,30,cjfl
birthdate,30,yes 1974 3 4
cover,30,crooklyn song . jpg
current_group,30,houston ballet
debutyear,30,saskatchewan roughriders
first_truck_win,30,2002 las vegas 350 las vegas
natlteam,30,denmark
notes,30,the arms of jean iii de grailly and his heirs consist of :
occupations,30,musician
pw_level,30,48 archmage
ru_provinceyears,30,2007 2008 -- 10 2013 -- 14 2015 −
saint_title,30,blessed
tonyawards,30,best direction of a play ' 1987 fences regional theatre award ' 1991 yale repert
wcrelayswins,30,' 0 '
writings,30,the meaning of it all is love
administrating_teams,29,iowa central c.c. athletic director iowa barnstormers general manager
bust,29,35c
chiefminister,29,mamata banerjee mamata banerjee
coaching,29,jung jin-sun
formation,29,louisiana constitution
hanjaborn,29,金法敏
place_of_arrest,29,nahreem
ru_sevensupdate,29,25 september 2007
titleholders,29,2nd : 1960
academyawards,28,best editing ' 1940 north west mounted police
coachyearend,28,≥ 81 ≥ 88
dances,28,kuchipudi
description,28,code of kalantiaw creator
european,28,last 16 : 2009
golden,28,semakheperuder pedjet-9 itjiemsekhemef tawnebu sm3-ḫprw-dr-pḏt-9-jṯj-m-sḫm-f-t3w
goldenroosterawards,28,best picture ' 1988 old well best director ' 1988 old well 1996 king of masks
lastodifor,28,& nbsp
major_achievements,28,four time asp world surfing champion
nebty,28,wermenu-em-ipetsut nebpehti waftawywahnesitmiraempet
opponents,28,chris jericho
producer,28,a tribe called quest
teame,28,new zealand māori
vegas,28,last 32 : 2009
almamater,27,beijing university of civil engineering and architecture
busch_car_team,27,no. 44 tristar motorsports
landscape,27,-- please refrain from further changes
maddhab,27,ja fari
publisher,27,edition gravis
record,27,61-30-86 14draws-6holds-12no results
ru_youthclubs,27,kettering
tvbanniversaryawards,27,best on-screen couple ' 1997 time before time my favourite television character 
work_places,27,university of wisconsin -- madison
brother,26,ippolito
career_start,26,19 ??
ethnic,26,irish
fedcupresult,26,w ' 2005
historical_profile,26,claude_overton
nfldraftedpick,26,78 by the green bay packers
number,26,30 calvin knights
odidebutfor,26,& nbsp
officialname,26,darko Čeferin
achievement,25,9 dart finish pdpa players ch ship hayling island 2006 9 dart finish pdpa player
cause_of_death,25,leukemia
current_record,25,0 & ndash
fatalities,25,four the accused originally boasted no less than nine murders
homepage,25,moneysavingexpert.com
insigniacaption,25,seal of louisiana
languages,25,chinese
last_truck_win,25,2006 kroger 250 martinsville
ru_coachupdate,25,30 june 2014
surname,25,lopez suasso
termlength,25,not fixed
uciregistration,25,spain
author_abbreviation_bot,24,herre
colleges,24,university college dublin
cup_car_team,24,no. 21 wood brothers racing
disappeared_status,24,missing
emmyawards,24,outstanding younger actress in a drama series ' 1990 all my children outstanding
former_members,24,nathan haynes
jurisprudence,24,zahiri
missions,24,sts-102
othertitles,24,earl of avondale
s,24,爱新觉罗 · 乌拉熙春
targets,24,travellers near the summit of the maungatapu track
wctfinalsresult,24,sf 1971
worldopenresult,24,w 1983
wtachampionshipsresult,24,rr 2008
arresting_authority,23,afghan border police
caught_date,23,june 29
coach_teams,23,florida line
coachpfr,23,abbofa0
disability,23,cerebral palsy
filename,23,richard dawkins bbc radio4 start the week 17 oct 2011 b015yr4h.flac
othernames,23,阳宝 ， 小损样
points,23,? 12
seasons,23,2008 -- present
simp,23,张春华
space_time,23,26d 17h 21m
thumb|caption,23,john cann in 1902
trad,23,張春華
western,23,6th : 1959
bgcolor,22,yellow
databasefootballcoach,22,mccafdon01
first_album,22,millions of dead cops
hanjaho,22,氷月堂
height_in,22,0 +1
hkfcsawards,22,best film ' 2010 gallants
kanji,22,李参平
organisationposition,22,dayan
paralympics,22,2010 winter paralympics
released,22,january 1994
result,22,41st
ru_sevensnationalcomp,22,987 105 tries
speaker,22,53rd
synagogue,22,beth el synagogue omaha
t,22,愛新覺羅 · 烏拉熙春
testdebutfor,22,west indies women
umpireleague,22,afl sanfl
umpirerole,22,field umpire field umpire
universityteam,22,university of southwestern louisiana
article_name,21,jesse and festus
britamateur,21,t5 : 1947
coachyearstart,21,≤ 1980 1988
company,21,kyriakides piano gallery svk pianotech ltd
crew,21,hunter wendelstedt bob davidson david rackley
crewchief,21,jerry layne
currentnumber,21,18 club
danishleague,21,holsted speedway klub
domestic_partner,21,mark fear
draft_pba,21,elevated
eponymousskills,21,uneven bars
goldenbauhiniaawards,21,best actress ' 2003 lost in time
group,21,non-inscrits
headquarters,21,233 north michigan avenue chicago
horus_prefix,21,g5 -- >
knownfor,21,* first man to onsight 8c
latest_album,21,magnus dominus corpus
metropolis,21,paris
notable_albums,21,lfo life is good
portaldisp,21,literature
ru_coachyears,21,1968 -- 1980 1980 -- ?
ru_refereecomps,21,2011 rwc final tests super rugby currie cup
units,21,19th operations group 19th bombardment group headquarters army air forces bombar
wtachampionshipsdoublesresult,21,w ' 1990
alma_matter,20,sharif university of technology
classification,20,s14
creed,20,taqlid
draftteam,20,phoenix cardinals
guernsey,20,6 vfa 14 vfl
horushiero,20,e2 :d 40-m-d37 :d 37-i-mn : n-wsr-f : f39 : z7-s-n28 :d 36-m-r19-t : o49
nominee,20,u.s. house of representatives from texas ' 7th district
positionplain,20,first baseman
practice_name,20,f. a. huntington
ru_nationalcaps,20,? 2
sect,20,nichiren shoshu
societies,20,biovisions
usproresult,20,sf 1938
caste,19,kuruba
chinese,19,根敦嘉措
collaborators,19,dave sim
fourth,19,benoît schwarz
goldenmelodyawards,19,best producer ' 1992
icpositionf,19,half-forward
image_alt,19,photograph of a bespectacled middle-aged man
industry,19,fashion
management,19,adam jankie & matt gudinski illusive
more,19,serbia
mrph,19,munheon
nomenhiero,19,i-mn : n-i-s : r-wa
pbrankings,19,tbd ' 2011 -- 2012
rl_clubyears,19,1966-1972 1972-1974 1974 - ?
rrph,19,moonheon
ru_yearastart,19,≤ 1904
service_years,19,march 18
sponsor,19,printwest
usamateur,19,won ' : 1896
w,19,ai 4 - hsin 1 - chüeh 2 - lo 2 wu 1 - la 1 - hsi 1 - ch un 1
author,18,the end of illness
baskhof_id,18,clair-f-bee
began,18,27 may 1832
icprovince,18,5 1 as sub
imprisoned,18,columbia correctional institution
labelstyle,18,background : #ddf
lasttestfor,18,west indies women
logo,18,cdclogo.png
offices,18,joint postmaster general of ireland
olympicmixeddoublesresult,18,1r 2012
other_title,18,owner
partners,18,richard bellew theodore green william mcgirk john waller
pojchinesename,18,teng pho̍ah
promotions,18,wwe ovw
truck_car_team,18,no. 29 brad keselowski racing
best_year,17,1st -- 2012 asp world tour
currentcoachteam,17,ucla women 's volleyball
finalyear,17,new york sentinels
icpositionh,17,goalkeeper
leagues,17,major league gaming
maidenname,17,williams
notable_songs,17,john wayne was a nazi
organizations,17,stuttgart ballet santiago ballet
otherwins,17,7 regular 2 senior
perp,17,marvin gay
prenomenhiero,17,n5-anx-nfr-ib
princess|name,17,louis françois joseph
principal_conductor,17,emmanuel villaume
ru_yearaend,17,19 ??
semicha,17,ohr somayach
show_name,17,rehab addict
size,17,230x345px
subjects,17,vodou
superyears,17,2015 −
vicegovernor,17,beto grill
width_style,17,person
baftaawards,16,most promising newcomer to film 1958 brothers in law alec blair
cposition,16,forward
crank,16,140 january 2010
dynastyname,16,bobov
heir,16,simon ramsay
key_people,16,sen. joe biden vp running mate david plouffe manager penny pritzker finance davi
length,16,4:34
notablework,16,madras on rainy days
photo,16,miss oregon allison cook closeup.jpg
related_acts,16,upper hutt posse
signature_type,16,tughra
synagogueposition,16,rabbi
thumb||caption,16,j. m. p. smith
timezone,16,pacific time zone
whccresult,16,w ' 1912
afldraftedround,15,: free agent
codename,15,hola
consort,15,molly fink
favorite_waves,15,jaws beach
hair_colour,15,brown
header,15,don bonifacio arevalo y flores +
hoffuture,15,set to true if the player has been announced but not inducted
horus_hiero,15,n5-e2-m3 :d 40-u6
hundredflowersawards,15,best actress ' 2004 cell phone
icallireland,15,1 as sub
manager,15,redcar bears
placeofbirth,15,nashua
ridername,15,pip lamb
ru_provincepoints,15,? 12
suit,15,40l united states 50l europe
also_known_as,14,anne-louis girodet de roucy-trioson
best_champ_pos,14,1st 2004
career_end,14,1993 ?
city,14,walsall
coaching_records,14,ncaa record for conference championship wins
coachplayers,14,roger federer 2014 --
death,14,yes 2013 12 29
disciple_of,14,rashid ahmad gangohi haji imdadullah
equipment,14,butterfly korbel
eye_colour,14,brown
first_champ_race,14,2003 grand prix of st. petersburg streets of st. petersburg
hangulho,14,빙월당
husband,14,michel brown
last_champ_race,14,2007 gran premio de mexico mexico city
name_nonen,14,大川七瀬
place_of_birth,14,keramat selangor
prime_minister,14,stephen harper
professional,14,1971 & ndash
subject_name,14,abdumuqit vohidov
weights,14,476 lb 241 lb edge 235 lb orton
yearbend,14,19 ??
youthrepteam,14,australian schoolboys
best_canada_pos,13,29th 2013
clan_name,13,xióng 熊
clcounty,13,10 hurling
coachteamb,13,england
country_represented,13,italy
countryofbirth,13,western samoa
currentmembers,13,karry wang junkai roy wang yuan jackson yi yangqianxi
date_of_arrest,13,september 15
doctoral_advisors,13,israil gelfand
facebook,13,facebook page
first_canada_race,13,2007 atlantic dodge dealers 300 riverside
first_monarch,13,otto i as king of greece
fname,13,eledath thaikkattu neelakandan mooss
founded,13,16th century
frenchproresult,13,f 1956
last_monarch,13,constantine ii as king of the hellenes
masterscupdoublesresult,13,f 1982
memorials,13,swimming complex at st. andrew 's college
military_blank,13,military camp duration
military_data,13,makutopora jkt 1 year
nhl,13,1 div 2
official_name,13,ftisland
podiums,13,ham podiums
poles,13,ham poles
political_party,13,country party
products,13,womenswear
quiver,13,sup surf boards 74l wave and 4.7 boxer
repyears,13,1999 2000 2001 -- 02 2002 2002 -- 2006 2008 & 2013 2015
royal_title,13,monarchy
ru_provincecaps,13,? 17
runtime,13,22 minutes
shrine,13,st augustine 's
sooteam,13,new south wales
views,13,9.8 billion views
wembleyproresult,13,w ' 1950
yearbstart,13,≤ 1904
administrating_years,12,2006-present 2007-2015
aka,12,super raton
books,12,digital natural art
clpositionf,12,half-forward
coatofarms,12,royal coat of arms of greece.svg
concert_hall,12,reduta bratislava concert hall
currentstatus,12,transport commissioner
deathplace,12,overland park
draft_pick,12,26th overall
first_gneast_race,12,1972 greenville 200 greenville-pickens
format,12,12 single
hanjaja,12,士 彦
headerstyle,12,background : #ccf
imagealt,12,a golden-coloured statue of a man in a gown on a seat with a sword on his knees 
initiation,12,diksa -- 1975
job,12,sports broadcaster
languagesspoken,12,english
location_city,12,toronto
location_country,12,canada
married,12,krystal cullum
nebty_hiero,12,f35-n18 : n18 : i9
operation,12,kizlyar-pervomayskoye hostage crisis
otherfamilies,12,of the family lineage : ' -- all members of : ' counts Łuszczewski -- all todays
place_of_release,12,afghanistan
sex,12,male
shapers,12,al merrick channel island surfboards
specialty,12,pilot of fighters and dive bombers
target,12,marvin gaye
territory,12,chicago metropolitan area and other parts of illinois . other territories are in
wars_and_battles,12,world war i
above,11,joe raiola
administrating_team,11,bc lions president
am_label,11,amateur boxing record
battles/wars,11,vietnam war
charges,11,armed robbery
coatofarmscaption,11,royal coat of arms
collaborator,11,ron reed
creator,11,brynjar gauti sveinsson
disciple,11,swami ajatananda saraswati
goldenhiero,11,f36-l1 : z2-d46 : r :d 40-t10 : t * z1 * z1 * z1 : z1 * z1 * z1 * z1 * z1 * z1-v
highestredpoint,11,9a +
hn,11,阮 詮
issues,11,pressure to marry against will
j,11,wong4 jing1-wah4
locality,11,conwy county borough
national_team,11,canada 1921
nebtyhiero,11,g36 : r-mn : n : w24 * w24 * w24-m-i-p : t-q1-z2s : o49-nb : f9 * f9 - g45 : f-n
opposed,11,clifford geertz
parent,11,daniela paktun morales miguel menchú mata
pastteams,11,philadelphia eagles 1939 -- 1940 pittsburgh steelers 1941
pic,11,joachim bouvet etat present de la chine 1697.jpg
prayer,11,rejoiced
refereecomp,11,2011 rugby world cup 2007 rugby world cup 2003 rugby world cup
sufi_order,11,chishtiya-sabiriya-imdadiya
superbowls,11,1989 xxiv 1994 xxix
symbol,11,buffalo
aliases,10,illinois elohainu
badge,10,five crescents abutting horns outwards vert each surmounting a quill argent spin
birth,10,november 1955
c,10,周永康
chruch,10,st kilda baptist
coordinates,10,34 07 29.2 n 118 28 32.7 w inline
dramadeskawards,10,outstanding choreography ' 2000 the lion king
engine,10,vauxhall c20xe
estate,10,in germany : ' -- manor houses : ' krummbek manor wellingsbüttel manor -- estate
first,10,samuel jones
highestboulder,10,v15
indivyear,10,2009 2012 2013 runner-up : 2014
last_gneast_race,10,1973 buddy shuman 100 hickory
majorascents,10,shisha pangma ama dablam muztagata nanga parbat broad peak
matches,10,& ndash
minister_from,10,united states
nationalfilmawards,10,kerala state film awards
nomen_hiero,10,s-m22-m22-n : q3 : x1-v28-a40-u21
otherroles,10,attorney general
peakranking,10,no. 39 july 1971 fide world rankings
prenomen_hiero,10,s-m22-m22-n : q3 : x1-v28-a40-u21
pretender,10,constantine ii
px|order,10,interim president of peru
racing_aircraft,10,extra 300s
relationship,10,cousin
represented,10,veraguas
sibling,10,sarva velamuri
starring,10,shirley johnson
subheader,10,12th jain tirthankara
subscribers,10,15.3 million across three channels
thumb|alt,10,sheryl mcfarlane
vie,10,nguyễn thuyên
voice_type,10,tenor
air_force,9,royal air force
arms,9,quarterly
arrest_place,9,rawalpindi
belowstyle,9,background : #ddf
border,9,blue
bowl_list,9,2007 capital one bowl 2008 cotton bowl classic
callsign,9,nn6ja
careerprizemoney,9,usd
champ_car_team,9,pabst racing
channel_name,9,pewdiepie
clpositionh,9,goalkeeper
commander,9,abd al-halim abu ghazala
draft_round,9,2nd
famous_flights,9,final air france concorde flight
favorite_maneuvers,9,stand up paddle surfing
filmfareawards,9,1956 : best actress : biraj bahu 1955
firstascents,9,mount everest via the north face to norton couloir route
former_partner,9,li ping an
manageyears,9,2000 & ndash
martyred_by,9,diocletian
named,9,ephraim w. harrington
nick_name,9,george
other_team,9,rock island independents
other_teams,9,new york americans nhl pittsburgh pirates nhl philadelphia quakers nhl brooklyn 
participants,9,kenneth pinyan
party_election,9,alliance for real change
present_post,9,friday prayers leader
previous_occupation,9,test naval flight officer
prince|name,9,tunku ismail
racing_best,9,2nd 2003
ranking,9,17 canada
recorded,9,york street studios
reward_amount,9,mexico :
ru_amclubcaps,9,wirral rugby club
ru_sevensnationalyears,9,2002 -- ?
stats_update,9,26 august 2015
subscriber_date,9,august 26
supercurrentclub,9,4 march 2014
superpoints,9,85 17t
temple,9,mahavijjodaya chaung monastery abhyarama shwegu taik monastery dhammananda vihar
tradition,9,poetry
verdict,9,guilty
view_date,9,august 26
worldchampion,9,under age 14
yearpro,9,1978 reinstated amateur 2001
abovestyle,8,background : #ff 9
awardssection,8,#distinctions and honours
bdo,8,1980s
best_gneast_pos,8,7th - 1972
bestwinyear,8,and 2000
birthday,8,24th july
child,8,rita mirembe revell
collar,8,15.5 us
common_name,8,alessandro manzoni
director,8,sarah o'kelly
draft_pick_pba,8,11th overall
draftedteam,8,pittsburgh steelers
golden_hiero,8,f35
grandslamsdoublesresults,8,yed
hof_coach,8,leonard-r-lenny-wilkens-coach
hofcolor,8,green
image_file,8,lucian freud - portrait of kitty.jpg
kana,8,り さんぺい かながえ さんべえ
leader_title,8,mayor
logogram,8,kanji
logogramname,8,松永裕美
mccunereischauer,8,cho ch i-hun
meaning,8,yes-man
media_type,8,hardcover
mi,8,b ai 2 - j in 4
moksha_place,8,champapuri
odishirt,8,3 prev . 69
owner,8,mona best
paralympicsresult,8,qf 2012
penname,8,lászló lelkes
perscoach,8,grigory kiriyenko
placeofdeath,8,nantes
player_position,8,wide receiver
presenter,8,una power
prev_canada_pos,8,32nd
real_weight,8,205 lb kg on
ru_teamc,8,british lions
sister,8,deodata di leno
son,8,shri mritunjay sharma & smt . shailbala pandya
sooyears,8,11 years
spaced,8,まつなが ひろみ
spacedtype,8,spaced hiragana
sucession,8,queen consort of joseon
uflstatlabel,8,tackles sacks forced fumbles
vicepremier,8,chang san-cheng
wars,8,world war i world war ii
wcccresult,8,sf 1920
wheelchairtennismastersdoublesresult,8,3rd 2010
wheelchairtennismastersresult,8,3rd 2013
worldcup,8,13 1500 m
wylie,8,dge 'd un grub pa
y,8,wòhng yīng-wàh
yaksha,8,sukumar
yakshini,8,pravara chandra
abode,7,sea
afiawards,7,best original score ' 1997 oscar and lucinda
afldraftedteam,7,buffalo bills
aflstats,7,as of 3
based,7,usa
based_at,7,peshawar
birth_plac,7,gilnahirk
bodyclass,7,vcard
bowlgames,7,2012 sugar bowl
capital,7,cavan
capture_status,7,in prison
cesarawards,7,best new actor ' 1999 petits désordres amoureux
chairman,7,lord feldman
cityofbirth,7,savaii
continent,7,europe
conventional_long_name,7,kingdom of east breifne
current_residence,7,london
currentyears,7,- present
date_of_birth,7,january 11
death_place_,7,bhaktapur
deathcause,7,congestive heart failure
degree,7,doctor of science
distinctions,7,counts european nobility
eva_time,7,32h 19m
flag,7,flag of russia.svg emblem_gosduma . gif
gharana,7,jaipur-atrauli gharana
goldenglobeawards,7,best foreign language film ' 1983 fanny and alexander
heights,7,konnor : 6 4 viktor : 6 2
hof,7,earl-f-lloyd
horse,7,bas ii
itf_name,7,karen susman
king,7,xuantong emperor
leader_name,7,bandar al-subayi
literary_works,7,satyarth prakash 1875
madh'hab,7,hanafi
main_discipline,7,mountain climber
mtvasiaawards,7,favorite artist
nba,7,timofey_mozgov
notable_role,7,scq questor
olivierawards,7,best theatre choreographer ' 2000 the lion king
other_interests,7,cooking
other_party,7,democratic-republican
overseas_career_teams,7,melbourne tigers 1991 australian institute of sport 1992 -- 1993 adelaide lightn
paralympicsdoublesresult,7,qf 2012
partof,7,the rebellions of 1837
piccap,7,plate from joachim bouvet 's etat présent de la chine 1697 .
positions,7,dtde
real_name,7,suryanarayana murthy
residency,7,houston
revisedromanization,7,jo chi-hun
rivals,7,various chicago criminal groups that rivals it for power .
school_tradition|,7,sunni
sultan_name,7,malek shah
symbolism,7,the rows of couped pallets represent rows of books
teamyear,7,2004 - 3rd
term_label,7,in role
tibetan,7,དག འད ན ག བ པ
total,7,~ 50
worldchamp,7,2010 3000 & nbsp
writer,7,kenyatta blake
youthclub,7,perspolis f.c.
youthteams,7,fc mashinostroitel pskov
additionalpodiums,6,1 team
address,6,jl . imam bonjol nomor . 80 kelurahan menteng
allies,6,five families
alumnus,6,università di roma la sapienza
arrest_date,6,2004-2 ?
badgenumber,6,chief of police
band_name,6,blizzard of '78
bodystyle,6,width :20 em
cause_death,6,lung cancer
clprovince,6,1 munster
colors,6,red
combatant,6,united kingdom of great britain and ireland reform movement
comments,6,arrested and imprisoned march 2005
conflict,6,upper canada rebellion
current_city,6,london
dateofbirth,6,1669 exeter
daughter,6,thanpuying lursakdi sampatisiri
deathdate,6,22 april 1991 1910
disbanded,6,april 15
distributor,6,modular
event_name,6,death and funeral of coretta scott king
expdraftedteam,6,ottawa redblacks
films,6,acapella 2007
first_champ_win,6,2003 london champ car trophy brands hatch
footnote,6,1 a controversial humorous interview in 1986 may have caused reilly 's involunta
germanleague,6,diedenbergen
government_type,6,monarchy
hair,6,blonde
hobbies,6,photography
home_station,6,dublin 's 98
ideology,6,nasserism
image_text,6,peter stračina
imdb_id,6,nm0038010
img_caption,6,del zotto as a flyer in september 2014 .
influenced_by,6,andy warhol
initiator,6,acharya kunthusagar
irishresult,6,f 1902
kids,6,devika
last,6,ratu sir penaia ganilau
last_canada_race,6,2015 wounded warriors canada 300 riverside
lived,6,september 19
majesty|name,6,hywel ab owain gwynedd
major_work,6,sufism
means_of_martyrdom,6,prison at lontskoho street
mothertounge,6,hindi
nba_historical_profile,6,drew_barry
nom,6,pierre denis
notablerole,6,sammy lee in grange hill '
onetype,6,first-class list-a
pastmembers,6,naga mustika
principal_ideas,6,tactics of intersubjectivity
pronunciation,6,kuni
px|alt,6,a stocky caucasian man with brown hair and thick glasses in military uniform in 
real_height,6,6 ft 7 in m 3
relation,6,harry jackman father
remarks,6,great royal wife of pharaoh psamtik ii
resided,6,south berwick
ru_appearancesa,6,≥ 1
ru_coachteam,6,morley
ru_refereeupdate,6,1 february 2015
sources,6,whiticker
starts,6,100 +
statabel,6,receptions
suspects,6,stuart hazell paul meehan
throne,6,china
thumb|px|caption,6,1948 bowman baseball card
title_leader,6,king
transprc,6,gêdün chubba
umpireyears,6,2009-present 2003-present
viceprimeminister,6,mieczysław jagielski
weightclass,6,heavyweight super heavyweight
workplace,6,los alamos national laboratory
added,5,march 30
affiliations,5,youth association of kuwait
albums,5,not worth waiting for
alternate_name,5,nablus
alumni,5,ruston college
appearancesb,5,1 +1
area_served,5,global
associated_artists,5,salil kulkarni
author_abbreviation_zoo,5,melsheimer
band,5,the solar system
best_result,5,2006-quarterfinals dutch open
blogurl,5,official blog
center|alt,5,a rabih kayrouz creating .
championship_list,5,2000 ncaa championship
coachtournamentrecord,5,3x atp world tour masters 1000 federer davis cup federer
colorcode,5,# 0000ff
convener,5,kenneth gibson
countryflag,5,spain
court,5,supreme court of the united kingdom
current,5,mta models
current_occupation,5,test pilot
czechleague,5,grepl pdk mšeno
date_of_release,5,september 2004
debut_work,5,british process servers guide
divisions,5,dota 2 fighting games league of legends starcraft ii world of warcraft halo
draftedyear,5,1990 not drafted
estates,5,herzegovina -1331 paraćin region
eurowins,5,23 t8th all time
events,5,high jump
eyes,5,blue
first_aired,5,october 2002
first_canada_win,5,2014 wilson equipment 300 riverside
first_flight_aircraft,5,jn-4 jenny
former_name,5,regina orchestral society
foundation,5,karachi
governing_body,5,private
highestonsight,5,5.14 b
iccounty,5,derry
imdb,5,nm0291779
installed,5,12 december 1946
itdebutagainst,5,west indies
itdebutdate,5,28 february
last_canada_win,5,2014 wilson equipment 300 riverside
lastitagainst,5,west indies
lastitdate,5,28 february
lastupdate,5,16 march 2010
license_date,5,may 1911
managerclub,5,georgia u-19 fc tskhinvali
material,5,oil on board
music_genre,5,alternative rock
nam,5,lang-fa
notable_ascents,5,denali june 7
ntsawards,5,1985 semi-finalist
organizationposition,5,posek
outcome,5,death of victim
past,5,brand manager @ unilever
pgawins,5,24 25th all time
prayer_attrib,5,alberto 's prayer during his battle with cancer
previous_members,5,vaughn sohun
pseudonyms,5,g.a. buchholz
purpose,5,advocate and public voice
pushpin_map,5,united states los angeles
px|name,5,florent pagny
quotation,5,founder of the upu .
record_label,5,kruzheva music
reincarnation_of,5,5th ling trül
retirement,5,january 3
rl_coachclubs,5,south sydney
romaji,5,ri sanpei kanagae sanbee
runningmate,5,joshua odongo
russianleague,5,vostok vladivostok
series,5,nascar grand national
settlement_type,5,town
short_description,5,brazilian entrepreneur
since,5,1970s
slogan,5,image : change we can believe in.svg
sons,5,esau jacob
subdivision_name,5,ireland leinster county westmeath
subdivision_type,5,country province county
sunwins,5,73 1st all time
teamf,5,nrl all stars
thdl,5,gendün druppa
title_orig,5,ludobójstwo nacjonalistów ukraińskich na polakach na lubelszczyźnie w latach 193
totalpodiums,5,1 team
vice_president,5,jorgen vig knudstrop
waist,5,23 in cm on
whccdoublesresult,5,w ' 1912
whccmixeddoublesresult,5,w ' 1920
womenshof,5,arcain
work,5,the hindu
year_active,5,1990 present
baptised,4,23 may 1799
border|link,4,british america british america
box_width|name,4,alberto carpintieri
brothers,4,prem rawat
category,4,vocals
childrens,4,two daughters farah khan .
christening_date,4,14 march 1738
christening_place,4,dresden
churches,4,church of greenland
citations,4,uksc 2012 22
clubname,4,p.g.s.o.b
clubteam,4,waikato bay of plenty magic
clubyears,4,2003 -- present
coachteamc,4,wales
coat_of_arms_alt,4,ornements extérieurs abbés simple.svg
congress,4,ds135.f9 c643 2002
consecrated,4,between 805 and 811
consort|name,4,saint theophano
convicted,4,first-degree murder and attempted robbery
convictions,4,life imprisonment with a minimum term of 30 years
coroner,4,john griebel
dateofdeath,4,22 july 1934 surrey
disciples,4,niralamba swami
dissolution,4,after 1838
drafted,4,undrafted
early_forms,4,joherr
englishname,4,rachel luu
enlisted,4,early 1605
escaped,4,18 + incidents
first_irl_race,4,2005 indianapolis 500 indy
former_team,4,hc martigny hc lausanne hc la chaux-de-fonds hc fribourg-gottéron sc langnau sc 
girlfriend,4,robyn mcnamara
goyaawards,4,best director ' 1987 el viaje a ninguna parte best actor ' 1987 mambrú se fue a 
ground,4,the long room
gymnastname,4,christie jenkins
hanjaph,4,忠 壯
hips,4,34.5 in cm on
image_map,4,ireland_1450 . png
imagecaption,4,pétur eyþórsson
injuries,4,2 including the suspected perpetrator
international,4,international monarchist conference
judges,4,dieter bohlen 2002 - kenneth kay one glöckler 2014 - marianne rosenberg 2014 -
l,4,falling snow
last_champ_win,4,2007 gran premio de mexico mexico city
laurenceolivierawards,4,best actress nomination
license_place,4,saint-yan
life_partner,4,sandra johnston
locmapin,4,hawaii
majesty|consort|name,4,empress xiaojingxian
mame,4,hugh charles
mayor,4,luis bedoya reyes
mcounty,4,clare
medal_templates,4,head coach for
membership,4,miss universe miss world miss intercontinental
memberships,4,american academy of neurology
misc,4,forever a saint
mother_tongue,4,telugu
mothertongue,4,german
movements,4,black power movement
museum,4,the new art gallery walsall
nationality_,4,canada
native,4,zhongshan
nativename,4,අග ර ව න ශ චයක ර
new_name_given,4,Ānandavijaya earlier sant atmaram
notablevictories,4,grandmaster
opentheme,4,read my mind by the killers
orders,4,order of the thistle circlet displayed by the 1st
ordination_reason,4,designated successor by wallace b. smith release of alan d. tyree
painting_alignment,4,right
pdc,4,1993-2007 founding member
pointsa,4,≥ 0
political_office,4,28th mayor of salt lake city
portrayer,4,jack levi
preceded_by,4,sobhita buddha
pronoun,4,kẽ̀tyn tʂʰùppa
pupil,4,kim shushun
px|birth_date,4,yes 1951 9 9
related,4,buffalo trace
relative,4,peter defeo great uncle
religions,4,prussian mythology paganism
rl_amateurclubs,4,wagga magpies
rl_clubupdate,4,31 december 2007
rl_ntupdate,4,26 december 2010
ru_amclubpoints,4,? 14 ?
ru_yearbstart,4,≤ 1904
sanskrit,4,hi राम किशोर
skill/talent,4,acting
statlabe,4,defensive tds
stats,4,started 2nd year in pros and did not play offensive tackle until drafted .
strength,4,6000 - 7000 including non combatants lower than the french
successor|office,4,associate justice of the texas supreme court
supercaps,4,? 0
thumb|office,4,public printer of the united states
tidebutfor,4,bangladesh
tocresult,4,w ' 1956
touring_members,4,jordan geiger kevin schneider
triesa,4,≥ 0
unit_name,4,patrouille suisse ' swiss air force aerobatic team '
wanted_by,4,philippine national police
wealth,4,about # 8
websites,4,gregantonmusic.com gregantonlaw.com
wightmancupresult,4,w ' 1924
winningcounties,4,dublin
writing,4,1989-present
yearcend,4,≥ 36
yearcstart,4,19 ??
abbreviation,3,oyoa
accused,3,paul headley michael carey marc cooper gescard isnora michael olive
admin_teams,3,dakota wesleyan north central
agencies,3,next model management
album,3,25 23 studio
audio_format,3,obesity
bands,3,king of prussia
baptism_date,3,30 september 1601
battle,3,american civil war
before,3,kaykaus i
beganskating,3,c. 1950
best_corona_pos,3,42nd 2014
best_irl_pos,3,10th 2014
birth_dat,3,1928 4 16 yes
birth_date|birth_place,3,montreal
birth_day,3,february 17
burmese_name,3,အန မဒဿ ဘ ရ
business,3,akd group
campaign,3,u.s. democratic presidential primaries
canada_car_team,3,02 micks motorsports ford
casualties,3,light heavy
categories,3,hand-pelota
causeofdeath,3,gored
ceo,3,bashir tahir
chinese_name,3,燃燈佛 rándēng fó
codriver,3,usa dane cameron
college_team,3,notre dame
colours,3,black
colyears,3,? -- ?
committee,3,obama for america
common_languages,3,irish
commons,3,category : pablopavo
constituency_mla,3,bapatla
coord_display,3,inline
coordinates_display,3,inline
cover_artist,3,roger burrows
current_place,3,trivandrum
current_position,3,university of minnesota
currently,3,retired
datededeces,3,28 décembre 1798
deaths,3,1 kenneth pinyan
designation,3,state president and national secretary
dharma_name,3,péma garwang
died_date,3,29 march 87 bc
doctoral_supervisor,3,kurt mislow
draft_round_pba,3,1st
draftround,3,12th
educated,3,shanghai drama institute
end,3,div . jane shen-miller smaller 1980
engaged,3,grace gealey
event_end,3,deposition of justinian ii
event_start,3,accession of heraclius
favourite_maneuvers,3,layback
favourite_waves,3,greenmount
feast,3,15 february
first_corona_race,3,2014 puebla 240 puebla
firstname,3,james
flag_s,3,arms of ireland banner historical . svg
focus,3,grappling
former,3,oakley
from,3,karachi
goldenbellawards,3,best actor 2007
goldeneagleawards,3,best actor ' 1999 yongzheng dynasty best directing for a television series ' 200
gr,3,shang iang
head,3,emperor of ethiopia
helm,3,that of a duke
home_district,3,kanungu district
honored_in,3,christianity
hungarianleague,3,speedway miskolc
image_map_caption,3,' a map of 1450 ireland shows breifne o'reilly '
image_skyline,3,aramcocorearea.jpg
img_size|background,3,solo_singer
imgcaption,3,portrait of king munmu
initiation_place,3,ahmedabad
inquest,3,august 27
interest,3,movies
interests,3,swimming
japanesename,3,japanese reading of the alleged korean name name after the naturalization
japwins,3,30 5th all-time
known_as,3,the first lady of las vegas
langs,3,marathi
lastname,3,akenhead
lasttifor,3,bangladesh
letter,3,k k
letwins,3,13 8th all-time
lieudedeces,3,rome assassiné
lieudenaissance,3,lyon
lives,3,rhyl
lower,3,order of the queen of sheba
madhhab,3,shafi'i
main_works,3,the 48 laws of power
map_caption,3,location in the kingdom of saudi arabia
married_to,3,beere aderinsola osoba
marrieddate,3,19 december 2010
medals,3,air medal and oak leaf clusters
military_rank,3,colonel
mixedrecord,3,13 -- 12 52 %
movies,3,masayuki nagase
music_director,3,bramwell tovey
nacionality,3,chilean
namedroutes,3,hall route
nationalupdate,3,june 04
nephew,3,marcello agosta
notable_awards,3,alan t. waterman award
notableroles,3,avunu valliddaru ista paddaru
ocupation,3,layer
office_predecessor,3,jake garn
office_successor,3,ted wilson
other_discipline,3,mountaineering
other_posts,3,chairman
othrtitles,3,adil khan
party_name,3,liberal democratic party of germany
pastcoaching,3,* co-owner marion mayhem 2007-2009
patron,3,negozianti d'arte di colà
pen_name,3,veronica bonilla
perpetrators,3,phillip garrido and nancy garrido
perps,3,jennifer san marco
picture,3,leung ting
place_of_residence,3,manhattan
popplace,3,primary populations in :
postdoctoral_advisor,3,philip cohen
postdoctoral_fellows,3,pavel pevzner
prev_corona_pos,3,42nd
probowls,3,afl all-star ' 1969 nfl pro bowl 1970
prowins,3,> 50
pushpin_label_position,3,bottom
pushpin_map_caption,3,location within los angeles county
px|link,3,order of bravery border order of bravery border order of bravery border order of
px|title,3,prince yamashina kikumaro on cruiser yakumo
qualification,3,b.a
quashed,3,before 22 june 1262
rawname,3,john osborne
region_served,3,worldwide
release_place,3,afghanistan
rels,3,predominantly : hinduism
reppoints,3,15 3 tries
residences,3,1875 & ndash
resident,3,los angeles
resting_placed,3,amite cemetery
revenue,3,usd
reward,3,honorary
rl_amupdate,3,5 march 2007
rname,3,hans-jürgen bradler
ru_clubs,3,swansea rfc london welsh rfc
ru_yearbend,3,≤ 04
secretary,3,john kerry
sergeant,3,craig stewart
shield,3,gipuzkoa_coat_of_arms . svg
showflag,3,jyp
site,3,over cap tourmente near sault-au-cochon quebec
spotter,3,dale parsons
spuse,3,constance w. elvehjem
stage_name,3,johnny christ
studios,3,virgin records
succeeded_by,3,paduma buddha
syndicates,3,compass media networks
teachers,3,peter urban
thesis_url,3,1924 52 % 3c570 % 3aancoto % 3e2 .0 . co % 3b2
thumb|right||caption,3,grace marguerite lethbridge
titletext,3,mother of emperor akbar
tl,3,siong ng
today,3,india bangladesh pakistan
tomb,3,virginia theological seminary
trainers,3,mahmoudi 's brothers
venerated_by,3,pope john paul ii
venerated_date,3,november 9
victim,3,ennis william cosby
voice_types,3,tenor
wcccmixeddoublesresult,3,w ' 1922
winningclubs,3,glenullin
yahrtzeit,3,28 sivan 5634
yalechinesename,3,sīndouhlā
year_leader,3,193 bce -- after 170 bce
yearactive,3,1999-present
zodiac,3,capricorn
_place,2,hanoi
a.k.a,2,aga
academic_advisor,2,henry jenkins
activities,2,burglary
activity,2,entrepreneur
additional_members,2,simon jones
administrator|image,2,michael daniel jones 1822-1898 . jpg
aflstatvalue,2,43 71 60.6 %
after,2,kaykhusraw ii
alama_mater,2,regent university
alive,2,dead
allstars,2,all star nominee 1997
alma_mata,2,kent academy litchfield law school brown university
alma_mate,2,the cronkite school
alma_maters,2,university of wisconsin-river falls
almamáter,2,universidad autónoma de santo domingo
alt_text,2,peel coat of arms
alternative_name,2,leonard thurneysser zum thurn
alumna,2,providence college
anthem,2,kimi ga yo
appointment,2,r. b. bennett
apps,2,33 32 ? 4 1 2 ? ? 7 1 7 4 0 1 3
archduchess|name,2,princess stéphanie of belgium
architect,2,isaac bliss
arena,2,pavilhão anexo capacity : 1
artform,2,vocal music
asianfilmawards,2,best actor ' 2008 lust
associate_acts,2,modern romance
associated,2,boston
associatedacts,2,general hospital
attended,2,springfield college
attributes|patronage,2,paris
awards/honours,2,see commendation ' section below
band_members,2,chris kasarjian david shapiro clarke foley adam manning
baptized_date,2,april 18
below,2,below text
best_conv_pos,2,6th 1956
birth_dae,2,june 28
birth_nam,2,luis guillermo solís rivera
birthnames,2,maxime boyer
book,2,it happened in india
booking,2,madison house booking
born_in,2,carantania ?
born_place,2,prospect
box_width,2,13 * 10
boyfriend,2,avan jogia 2011-present
bronze,2,- ' 1 '
built,2,ca. 2100 bc mentioned in ebla tablets
campus,2,urban
cand_id,2,p80003338
canonised_date,2,25 october 1970
captured,2,pakistan karachi
capyion,2,fatma serdar in the 2014-15 season .
cargo,2,director general de aduanas de la república dominicana director general de aduan
center|birth_date,2,may 4
cfl,2,sed359919
cflallstar,2,east - 1990
chalwins,2,5 tied 5th all time
champion,2,usa x3o cs
champwins,2,22 tied 6th all time
channel,2,diy and hgtv
character,2,dr brown
chief_minister,2,chong kah kiat 2001-2003
children.,2,carmel ruby adair b. 1935 d. 2013
circonscription,2,orléansville
citizenship|nationality,2,norwegian
clcountyh,2,1 inter
clubs.,2,tpv
coachingdebutteam,2,philadelphia eagles
coachstatsend,2,round 21
coachyearastart,2,19 ??
colle,2,university of notre dame
colleagues,2,john kemeny
command,2,revenge
commondraftedround,2,pick 59
company_slogan,2,master of complications
concert_tour_name,2,diva las vegas
connectedmembers,2,princess andrew of greece and denmark
constituency_mlc,2,vidhan parishad marathwada
contract,2,not disclosed
convocation,2,1st convocation
coregency,2,three years with nectanebo i
coregent,2,akhenaten
creators,2,sal abbinanti
crestcaption,2,coat of arms of the barons of berenberg-gossler
cteams,2,greece
cupdate,2,31 august 2015
current_teams,2,ust growling tigers
currentmemubers,2,zeng yi
currentraininglocations,2,berlin
datastyle,2,font-size :89 %
date_start,2,october 5
datedenaissance,2,21 septembre 1769
death_date||birth_place,2,osaka
death_name,2,josephine elizabeth butler
death_place|,2,kent
debut_date,2,april 13
debut_team,2,tohoku rakuten golden eagles
debutworks,2,life-line
decorations,2,virtuti militari gold and silver cross
defunct,2,ca. 1974
deputyfrom,2,255th nyzhnohirskyi electoral district 1 located in crimean oblast
descendant,2,hasan ibn ali
descendants,2,izabela luci poniatowska jozef michal luci poniatowski karol luci poniatowski ko
devanagari,2,राधा
distribution,2,universal
doctoral_adviser,2,morris halle
domesticcaps,2,& nbsp
drafteam,2,detroit lions
driver,2,vitaliy pushkar
eco,2,d31
editor,2,university of illinois press poetry series
eligibility,2,career executive service officers
employment,2,st thomas ' hospital university of liverpool university of oxford
enteredservice,2,west point
escape_end,2,29 may 2013
established,2,1960s
ethnicityity,2,hungarian jewish
europarl,2,no meps
executive_producer,2,nigel lythgoe ken warwick simon fuller
faith,2,christian
fate,2,defunct
fathername,2,dr.m . r. bhasin
feast_days,2,26 december-repose
fieldgoalsa,2,≥ 0
film,2,the hunger games
final,2,26 de mayo de 2009 16 de agosto de 2000
fiqh,2,hanafi
first_conv_race,2,1956 race no. 12 langhorne
first_corona_win,2,2012 mexico nocturna 200 mexico city
first_flight_date,2,16 may 1911
first_gneast_win,2,1973 selinsgrove 100 selinsgrove
first_irl_win,2,2014 honda indy toronto exhibition place
firstshow,2,ifbb vancouver pro show woman 's physique
flag_p,2,o'rourke coat of arms.png
flagcaption,2,flag of the governor-general
followed_by,2,samoobrona polaków na kresach południowo-wschodnich ii rp w latach 1939-1946 200
former_bands,2,friko sjur miljeteig band '
former_league,2,ligue magnus
founded_groups,2,filmless films
founded_place,2,hollywood
founding_location,2,calabasas
frequency,2,annual
function,2,press-secretary of the revolution through social networks civil campaign
ganadhara,2,suprabha
geminiawards,2,best performance by an actor in a featured supporting role in a dramatic program
genere,2,blues
goalsa,2,≥ 0
god_of,2,pater of the roman people
gold,2,' 1 ' ' 1 '
grades,2,knight grand cross grand officer commander knight
grammyawards,2,best score soundtrack album for a motion picture
grandfather,2,mustafa Çelebi
grandparents,2,michael redstone
grandson,2,shambhuraj desai
guest_members,2,arthur brown julianne regan misty woods steve bronski graham thomas christian ri
guests,2,hugh hopper elton dean steve miller richard sinclair william kopecky elaine difa
halloffame,2,coach 1997
hangulja,2,근 보
hangulph,2,문 정
head_title,2,sovereign
height_footnote,2,pennisi is officially measured by fiba at 6 feet and 11 inches .
heritage,2,mexican
higher,2,order of solomon
history,2,1953 - present
hobby,2,tv presenting
hofdate,2,1995 elected by the special committee
holding,2,that defendants ' course of conduct was in furtherance of free speech within mea
honorific,2,ashu or asho i.e. ashu zarathushtra
honourific_suffix,2,kbe
horoscope,2,aries
hosting,2,c. g. p. grey
illustrator,2,roger burrows
image.,2,yoo ji-tae . jpeg
image_coat,2,o'reilly uí raghallaigh coat of arms.png
imagen,2,0_hammond_new_b3 . jpg
imagestyle,2,center
imagewidth,2,87p
image|caption,2,elio pace
img_sz,2,big
incarcerated,2,federal correctional institute located in beaumont low
influence,2,joe perham
inicio,2,16 de agosto de 2004 16 de agosto de 1996
initiated,2,muni chandragupta
institute,2,president of the pontifical commission for the state of the vatican city
investiture,2,23 may 1879
irl_car_team,2,no. 11 kvsh racing
japanese_name,2,燃燈仏 ねんとうぶつ
ko,2,10 +8
koreanname,2,alleged korean name
last_conv_race,2,1959 catawba 250 hickory
last_gneast_win,2,1973 buddy shuman 100 hickory
last_irl_race,2,1999 mall.com 500 texas
lastclub,2,tigres
league_type,2,athletic conference
leftarm,2,ffffff ffffff
list_of_works,2,yerevan etudes
live_members,2,aort andras lordt syhr wacian
living,2,paris
logocaption,2,instapundit logo
lpgawins,2,60 4th all time
lugarnac,2,santiago
madhab,2,sunni maliki
main_classification,2,protestant
main_work,2,what happened to auguste clarot ?
majorclubs,2,east bengal club
majority|birth_date,2,august 3
managername,2,ivan hucko
managerteams,2,entente gévaudan goalkeeper coach
mandat,2,député 1958-1962
manufacturer,2,chrysler
map,2,hillsborough county florida incorporated and unincorporated areas tampa highligh
marital_status,2,separated 2009 september 2014
marriage_date,2,28 january 1864
married_name,2,siobhán bruce
military,2,iowa air national guard
military_service,2,united states army air force 1943-1945
ministry,2,faith and action faith and action
mnc,2,ᠠᡳ ᠰᡳᠨ ᡤᡳᠣᡵᠣ ᡠᠯᡥᡳᠴᡠᠨ
mo,2,strangulation
moksha_date,2,979 bce
month,2,may
motherteam,2,ust growling tigers
moves,2,1 . d4 d5 2 . c4 e6 3 . nc3 c6 4 . nf3 dxc4 5 . a4 bb4 6 . e3 b5 7 . bd2 a5 8 . 
mrb,2,kye
musical_style,2,pop rap
nameorigin,2,gerald abrahams
nation,2,xi bo nation
nationaliy,2,france french
nationalty,2,brazilian
native_place,2,visakhapatnam
ncaa_team,2,hobart college
nearest_city,2,kapa au
nick,2,el tanque
nick_names,2,lion of frontier
nieces,2,1 via zooey
nirth_name,2,robert alan fraboni
nombre,2,abdulrahim jaizawi
nominater,2,mahmoud ahmadinejad
nominatorpost,2,president of the united states
notable_instrument,2,piano
notable_members,2,ya'akov abergil
note,2,boutilier held the combined portfolio of international
novels,2,the alienist
ntcupdate,2,3 april 2009
ntupadate,2,20:29
ntupadte,2,10 september 2014
odicap,2,& ndash
offspring,2,juana enríquez queen consort of aragon
openingname,2,abrahams defence
orientation,2,pentecostal
original_members,2,james ewers dylan perryman saul perryman sam stopford
origins,2,baton rouge
othertournaments,2,yes for sure
owners,2,washington post company
pages,2,282 pages
pali_name,2,dīpaṃkara
paralympicmedals,2,' 2 ' 1 gold
paralympicteams,2,' 1 ' 2014
parentopening,2,qgd semi-slav
partnerships,2,joe brown climber
pattern_b,2,_ unknown _ unknown
pbupdate,2,22:40
pd_image,2,l. john nuttall.jpg
pieimagen,2,luisa durán de lagos
pinyinbirthname,2,liào jùn jié
place_of_death,2,phoenix
placeburial,2,arlington national cemetery
played,2,world badminton championships 2014
ploys,2,dostoyevskian and surreal takes on the usual auld irish clichés
podcast,2,podcasts
poetname,2,dr. shailendra singh
political,2,democratic
politics,2,conservative
population,2,extinct in 17th-18th century
pos,2,center
posthumous_name,2,adam studziński
prececessor,2,pablo iglesias pablo iglesias
precedecessor,2,inocente chente quintanilla
preceding,2,adolph edward g. plaza
precursor,2,governor of fiji
predecesor,2,josé joaquín brunner ried pedro palacios cameron
presidente,2,leonel fernández
presidingofficer,2,tricia marwick
previous,2,founder and ceo
previousclubs,2,newcastle falcons leeds carnegie london welsh rotherham titans
previousname,2,anna rowberry
pro_teams,2,krylya sovetov moscow winnipeg jetscincinnati cyclones
provider,2,youtube
ptupdate,2,10 august 2015
publications,2,sheet music
px|background,2,non_performing_personnel
px|bats,2,right
px|center|alt,2,ellen hinsey
px|center|caption,2,historian henry f. graff in 2014
px|nationality,2,filipino
px|office,2,secretary-general of the socialist party
px||caption,2,pepper left walks out to bat with keith miller
px||office,2,member of congress
qualifications,2,master of education by research
radio,2,hosts ' america 's test kitchen radio 2011 -- present
raised,2,sweden
refereeyearend,2,present present
regions,2,western philosophy
related_artists,2,el otro yo babasónicos juana la loca
relgion,2,christian
religion.,2,christian
religious_beliefs,2,muslim
remove_date,2,april 7
repcaps,2,?? ?? ?? 0
repcoachteams,2,australia assistant
residence_place,2,california
resultyears,2,2005 2006 2006 2007 with anastasia dobromyslova 2007 2008
rifle,2,anschütz
rightarm,2,ffffff ffffff
right|thumb||caption,2,1970 topps baseball card # 414
rite,2,byzantine rite
rl_currentclub,2,retired
royal_predecessor,2,sridhara
royal_successor,2,chakrayudha
rp_coordinates,2,34 40 9.7674 n 98 23 44.77 w type : landmark inline ten bears burial site
rrb,2,gye
ru_coachteama,2,cheshire rugby football union
ru_proclub,2,castres olympique stade toulousain
ru_refereeyears,2,2006-present 2007-present 2010-present
ru_team,2,rk nada
ru_teame,2,hawke 's bay
ru_yearcend,2,≥ 20
ru_yearcstart,2,≤ 1920
russia,2,russia
samadhi_date,2,april 30
sanskrit_name,2,dīpaṃkara
sanskrit_transliteration,2,kaśyapa
schools,2,mass academy of math and science
scoutingclubs,2,panathinaikos
seat,2,alnwick castle
seats_title,2,national assembly senate european parliament
secretary_general,2,abdul latif khalid cheema
sexuality,2,bisexual
short_name,2,tfo
shorts,2,ffffff ffffff
sibilings,2,murali maheswara raju and lakshmi pramila
signature_size,2,signature of joseph smith iii
silver,2,' 2 ' ' 1 '
simpchi,2,高仙芝
socks,2,ffffff ffffff
sort,2,korean2
speciality,2,sports medicine
species,2,kodiak bear
spelling,2,u.s.
spoken,2,arabic
sports,2,track and field
spouces,2,myra straton 2008-present
sprouse,2,maría canals 1999-present
start,2,may 15
statslabel,2,yards average
subtitle,2,a medieval rock opera
sucesor,2,rafael camilo vicente sánchez baret
suspect_name,2,marcia gayle kelly
susperp,2,christopher monfort
tartan,2,red ross
term_star,2,september 5
testcap,2,& ndash
text,2,wèi yòuqú wei yu-ch ' ü
thesis_year,2,1959 & 1962
thumb|px||caption,2,the statue of jacob leisler on north avenue in new rochelle
thumb|right|caption,2,sir william cosby
thumb|right|px|caption,2,william stone
time_at_large,2,60 days
tishirt,2,# 7
titleclass,2,fn org
top,2,clermont
tournament_list,2,1990 ncaa
tradchi,2,高仙芝
traditions,2,goût rothschild
traininglocations,2,prague
tries,2,? 4
umpiregames,2,135 vcfl
uniform,2,jackets are white with sections of red and black
venerated_into,2,roman catholic church
venerated_place,2,rome
veneration,2,theravada
vice_governor,2,fortunato peña
voice,2,tenor
wcccdoublesresult,2,w ' 1922
website_title,2,official facebook page
weigh,2,70 kg lb 0 on
weight_kg,2,105 kg
wheelchairworldteamcupresult,2,champion ' 1986
width,2,20em
wimbledonproresult,2,qf 1967
wla_team,2,new westminster salmonbellies
work_associations,2,iaai
work_insitutions,2,northeastern university
worth,2,1.5 m
year_adopted,2,matriculated at the lyon court
'''boyfriend''',1,michael tenedios
'''death_date,1,176 -- 180 or 222 -- 235 ad
_date,1,december 14
a.k.a.,1,fahd
abandoned,1,67 ad destroyed
abbrev,1,wmc
abdication_date,1,c. 753
abolished,1,6 october 1987
abv,1,45.00 % & 53.50 %
acadamyawards,1,the syrian order of merit-excellent degree .
academic,1,professor of architecture
academic_degree,1,sc.d . medicine & nbsp
academy,1,v.knašius basketball school
academy_awards,1,1988 academy award for best screenplay : moonstruck
accession,1,1973.096 . gr
achievements|awards,1,2008 k & n pro series east rookie of the year 2010 camping world truck series ro
activity_sector,1,entertainment
activités,1,romancier
admin_sport,1,interim ad
admindebutteam,1,cleveland browns
adminfinalteam,1,philadelphia eagles
administrator,1,riot games
administrator|name,1,mike jenkins
admirer,1,mrityun jay sil from hooghly
adnanpolat|order,1,33rd
advisor,1,michael maestlin
afldraftteam,1,kansas city chiefs
afltablesref,1,john _ hutton.html
after_election,1,alfred emmott walter runciman
after_party,1,liberal party uk
agentcompany,1,tf entertainment
aircraft_fighter,1,6 northrop f-5e tiger ii
aircraft_transport,1,1 pilatus pc-6 porter
aircraft_type,1,douglas dc-3
albums_released,1,essentials hotel souza
alias_club,1,aldershot
alias|birth_date,1,1946 08 10 y
alias|birth_name,1,steven james anderson
allegance,1,united states
alleigance,1,dutch republic
allias,1,courtney
alma_master,1,École polytechnique
alma_mater|occupation,1,missionary
almae_matre,1,princeton university 1936 harvard law school 1939
almameter,1,pakuan university
almer_mata,1,university of bonn
almunus,1,george washington university
also,1,little donna hightower
also_known,1,con phillips
altcaption,1,a man in a flight suit and helmet sits in the cockpit of an aircraft
alternative_names,1,rocha
altstyle,1,sir
alt|caption,1,metcalf at the chicago bears 2007 training camp .
amatclubs,1,wellington
amatyears,1,2013 −
american|years_active,1,1980s -- present
amla_mater,1,brigham young university
ancenstry,1,english
ancestor,1,luoyang
apodo,1,monse luna
appointed_by,1,john purroy mitchel
appointedby,1,stephen harper
appointerpost,1,president of sri lanka
appointments,1,des peres hospital webster surgery center
apprehension_date,1,june 22
architects,1,berthold lubetkin
ardfert|counties,1,kerry
ardfert|dicksboro|counties,1,kerry
area_code,1,+966 -13
area_magnitude,1,1 e9
areas,1,cartoonist designer
aremo|office,1,executive governor of ogun state
arielaward,1,best actress in a minor role ' 1954 la sexta carrera best actress ' 1956 una muj
art,1,editor
article,1,alwan al showaya علوان الشویع
artist_name,1,devayani
ascendants,1,robert service senior
asiantvawards,1,best comedy performance by an actress ' 2007 to grow with love
asiawins,1,13 2nd all time
assets,1,rs .3
assignments,1,drill sergeant school
assistant,1,black robert boudein 8th degree black belt
assistcoaches,1,cas suarez
associated_members,1,ria osorio keyboards
associated_people,1,françois mitterrand
associatedact|children,1,pruthvi
associatejudges,1,joyce l. kennard
associations,1,ashcan school or the eight '
associeted_acts,1,bryndle
at,1,dr v.h dave homeopathic medical college
athletics,1,ncaa division i fcs -- swac
attorney_general,1,eric holder
australianopenmixeddoublesresult,1,sf 1995
auswins,1,31 3rd all-time
authored&amp;nbsp;by,1,marek grotowski
awarded_by,1,the president of the united states
awardedby,1,government of india
awardname,1,padma shri
awards.,1,uk jci toyp ' 15
awards_r,1,ieee mtt-s outstanding young engineer award in 2002 prix poly 1873 pour l'excell
bachelor_students,1,joseph alsop
backcolor,1,#fbf 5df
backgroud,1,#ffa 67a
backgroun,1,group_or_band
background_color,1,# 3333ff
badmintonposition,1,centre field
badmintonprovince,1,munster
baptism_name,1,gabriela ann rosemarie esther xuereb grima
baptism_place,1,gosport
bbirth_place,1,trenton
beatified_pope,1,john paul ii
before_election,1,robert ascroft james francis oswald
before_party,1,conservative party uk
belal_ahmed,1,jnu
beliefs,1,christian
bengali,1,ভক্তিফরম্যাট দামোদর স্বামী
bengali_name,1,দীপঙ্কর
best_busch_position,1,11th - 1988
best_friend,1,lela cortines
best_roles,1,the fat seven news triple m
best_seller,1,healing our world in an age of aggression
best_truck_position,1,9th - 1998 craftsman truck series
bestknown,1,erenea in joaquin bordado
bff,1,daniel-oz
bfjaawards,1,most promising actor : saathi 2003
biejjjrth_place,1,mobile
biggestfan,1,dr strickland
birh_place,1,millersville
birrthname,1,don seymour mcclean
birth_age,1,age 18
birth_datel,1,1934 . . jan 19
birth_era,1,2nd-century
birth_nane,1,jorge rubén juárez
birth_nsme,1,alexandra estella deanna meneses
birth_palce,1,newmarket
birth_parents,1,lena mae née everly guy sister of ike everly
birth_place_,1,serbia
birth_year,1,july 1971
birth_°place,1,bunkot
birthhame,1,arthur zwerling
birthvname,1,Георгий Кизевальтер
birthxname,1,andrew gerhardt droege
birtname,1,marudhur gopalan ramachandran
bishop,1,bishop ilarion roman rudnyk
bishops,1,meath
bith_name,1,pilar garrido corales
blank_name,1,irish grid reference
blazon,1,quarterly : 1st and 4th
blog,1,the rational ape
blowling,1,right-arm medium
blubs,1,porto alegre
bmi,1,' 25 '
board,1,executive director
body_found,1,compton
border|alt,1,an adult male looking to the right in a military uniform
border|px|caption,1,sir william johnson in 1763
bornname,1,vijay madhavji thakersey
bowl_games,1,2008 senior bowl
box_kowin,1,+200
boxwidth,1,20em
bpmf,1,ㄒㄩˊ ㄊ一ㄢˉ ㄐ一ㄡˋ
brance,1,united states marine corps
breed,1,boston terrier
brith_name,1,simon denis rattle
brith_place,1,redcar
british|field,1,astronomer
buddhism,1,sangharama bodhisattva
building_name,1,sha'ar hashamayim synagogue בית כנסת שער השמיים
burial_location,1,de rus or schimmings rust in rehoboth area .
burial_name,1,tomas börje forsberg
buried_date,1,no 1932 11 28
buried_place,1,b nai israel cemetery
burried,1,dhaka university
bust_measurement,1,50ii-26-36
caaption,1,muse watson
called,1,king of albanian rap
campaigns,1,* operation enduring freedom * second persian gulf war
canada|sport,1,skateboarding
canonised_by,1,pope paul vi
cans,1,evangelist
cap,1,' 284 '
capetion,1,rob harmeling in 1986
capt,1,darryl worley performing for u.s. servicemen in kuwait
captain,1,gareth roberts
captaion,1,wilson after the 2008 chris mainwaring tribute match
captin,1,madjer in 1986
captino,1,bruno martino
caption.,1,reyna playing for mexico in 2010
captionion,1,joel corey
captionn,1,jermyn playing for dorchester town
captionstyle,1,center
caption|background,1,solo_singer
caption|birth_name,1,george hoyt whipple
caption|birth_place,1,callan
caption|currentteam,1,free agent
caption|office,1,judge in the gauteng division of the high court of south africa
career_caps,1,150 +
career_earnings,1,innerlight surf shop 41 years
career_number,1,12 note1 a a
career_profession,1,firefighter
career_record,1,531 wins
cars,1,skoda fabia s2000
cartoonist,1,edit
caste_name,1,kuruba
casus,1,marauding soldiers
catalogue,1,seymour slive
cathces,1,right
cathedral,1,st. john
cattles,1,easter rising
caught,1,right
cause_note,1,dynamite
ccupation,1,actor
cemetery_buried,1,plymouth naval memorial
centerpx|blazon,1,sable
centerpx|center|blazon,1,quarterly
center|citizenship,1,switzerland and canada
center|coccinelle|birth_name,1,jacques charles dufresnoy
center||birth_name,1,besim dina
centre|alt,1,alt text
centre||birth_date,1,june 6
certificate,1,certified records manager
cfbhof_id,1,michael j crawford
cfbhof_year,1,1972 player
cfldraftedpick,1,24th
cfldraftteam,1,hamilton tiger-cats
cfleastallstar,1,1962 at guard
cflwestallstar,1,1957 shrine game
ch,1,caslar
channels,1,sport klub hayat
chant,1,yes we can
character_name,1,commissioner corporon
charman,1,waldemar koch 1945
chart,1,dance
charte,1,chef de gouvernement
charts,1,independent hot country charts = # 1 august 2014 independent music network chart
chest,1,54 inches
chiefexecutive,1,brian faulkner
chiefjudge,1,ronald m. george
childhood_home,1,40 s clinton st
chlid,1,kwame thomas melega
christened_date,1,24 september 1820
chronology,1,diante do trono live praise & worship
cinematography,1,d v rajaram
citisenship,1,russia
citizen,1,serbian croatian
citizen_ship,1,united states
citizens,1,usa
citizenship|occupation,1,mezzo-soprano opera singer
city_of_residence,1,munich
cityofbirth_place,1,echten
cityyofdeath,1,iaşi
clallireland,1,2 gaeltacht medals
clallirelandf,1,1 inter
clcountyf,1,1 inter
closed,1,24 june 1962
clpostion,1,left half back
clprovincef,1,1 inter
clprovinceh,1,1 inter
club_update,1,december 2012
clubbs,1,skn st. pölten
clubf,1,carryduff f 1985-1993
clubnumer,1,8 and 20
clubss,1,nk imotski
clubsyouth,1,skënderbeu korçë
club–update,1,4 april 2012
clus,1,taunton town
coach_end,1,2015 -- present
coach_start,1,2005 -- 2010 assistant coach 2015
coachchamps,1,nfc 1986
coachclub,1,london irish defence coach
coachdoublestitles,1,21 s-v -2 v -5 s 28 titles
coachfinalyear,1,cleveland browns
coachingawards,1,best coach by the olympic committee of serbia 2010
coachingrecords,1,venus williams #records and achievements serena williams #other records and achi
coachingteams,1,arkansas freshman arkansas wrs
coachsb,1,xxi
coachsinglestitles,1,45 v -64 s 109 titles
coachteamd,1,new zealand
coat,1,coat of arms of the dominican republic.svg
code_name,1,william grienke
cognome,1,del giglio
colaberators,1,lee falk
collections,1,victoria and albert museum
colleg,1,ehof = 10030
collegeclubs,1,akokana
collegehof,1,university of arizona 1990
color_code,1,#ff 0000
comentariu,1,niculina oprea
command_structure,1,most served with but were not incorporated into the british army
commander_label,1,ringleader members
commendations,1,us congress
comment,1,photograph of richards in new york
commissioner,1,matt ringel
commonwealth,1,glasgow 2014 heats
companies,1,viva films
companion,1,rebecca glaister
competencies,1,singing
competition,1,nuestra belleza jalisco 1994 winner nuestra belleza méxico 1994 5th place .
concurrence/dissent,1,moreno
confirmed,1,20 december 1802
congregation,1,sinai temple
conjoint,1,olfa bannour
conjuge,1,mayara esteves
consagración,1,24 de mayo de 1973 por josé humberto cardenal quintero parra
consortreign,1,7 january 1325 -- 28 may 1357
consorts,1,jadwiga anna woyna elżbieta prusinowska
constituencies,1,moulvibazaar-3
constituency_mayor,1,district of gisborne
constituting_instrument,1,new york constitution
contact_address,1,huda colony
contribution,1,participation à la création du robot le plus rapide du monde
cooking_style,1,british cuisine
coor,1,30.524674 n 91.190034 w source : dewiki_region : us-la_type : edu dms inline
coord_parameters,1,region : us_type : landmark
coordinates_format,1,dms
coordinates_type,1,dim :100000 _ region : ie
corona_car_team,1,no. 2 monica morales
cortés|office,1,secretary of the commonwealth of pennsylvania
cos,1,tisha edwards
council,1,limavady brough council
councillor_ward,1,east dunbartonshire council
countriboii,1,hungary
country_of_origin,1,china
county_council,1,greenwood
countyofbirth,1,county cork
couple,1,jorge blanco
courserecords,1,lost soul ' : 11:00:55 sinister 7 ' :18:37:19
cranl,1,20 april 2015
created,1,c. 1000 bc
cremated,1,mysore
cremation_place,1,kunthalgiri
crime,1,child pornography
cubs,1,petrojet suez f.c. caps4 =
cult_center,1,rajasthan
culture,1,indian
curentclub,1,leeds
current_champion,1,samsung galaxy white
current_label,1,velvet hammer music management group
current_location,1,vancouver
current_manager,1,haris rahman
current_member,1,adam kay
current_status,1,active
currentcity,1,jakarta
currentclubs,1,cardiff blues cardiff blues
currently_place,1,orlando
currentlyresides,1,mitrovica
cuurentclub,1,piacenza 1919
cónyuge,1,maría Ángeles garcía
dad,1,willie adams
date_birth,1,1977 08 08 y
date_death,1,april 22nd 2012
date_end,1,december
date_of_birth_date,1,november 11
date_of_burial,1,15 may 1712
date_of_death,1,2009 12 y
dateformat,1,dmy
dateofdeath|position,1,running back
dates,1,8 august 1964 & ndash
daughter_in_law,1,senchu l. punyamurthula
dbfcoach,1,lambecur01
deah_place,1,england birmingham
deatg_place,1,bath and north east somerset
death_age,1,70 yes
death_date|college,1,georgia villanova
death_death,1,goodlettsville
death_d|birth_place,1,baja california
death_pl,1,dover
death_place.,1,tampa
death_place|death_cause,1,illness
death_place|restingplace,1,green river cemetery
death_place|style,1,southpaw
death_time,1,7:04
death_year,1,26 august 2006
deathdate|deathplace|college,1,michigan state
deathvdate,1,1933 12 13 1868 5 26 yes
debutactive,1,2011 -- present
debutwork,1,life on a string
decidedate,1,february 26
declared_venerable,1,july 11
declared_venerable_by,1,pope john paul ii
degree_in,1,darshanacharya from bhartiya vidya bhavan
deity,1,guan sheng di jun
deity_of,1,protects against snake bites
demise_date,1,25th june 2005
denmination,1,sunni
departments,1,center for the study of economy and society 2001 -
deptuty,1,ismail ahmed rajab al hadidi
deputy_governor,1,moses ekpo
deputy_mayor,1,christopher stalford
deputyspeaker,1,stephen kalonzo musyoka
derby_name,1,bonnie thunders
designated_other,1,virginia landmarks register
designated_other_date,1,june 17
designated_other_num_position,1,bottom
desth_place,1,south africa
destination,1,baie-comeau
developer,1,w. r. hutsell
dfb,1,battlron01
dick,1,25 cm
died.,1,on a tuesday got yo girl in the club
died_in,1,lublin
diploma,1,jussieu university
diplomat,1,ambassador of jamaica to the united states stephen vasciannie
disability_classification,1,sb4
display,1,title
dissertation_title,1,the averbuch skeletal series . a study of biological and social stress at a late
dissolved,1,1960 due to the founders involvement in the anti apartheid moment
distinctionsprincipales,1,ordre de saint-louis
doctoral_thesis,1,american project : an historical-ethnography of chicago 's robert taylor homes
doctoral_work,1,causality in experimental psychology
doctroral_advisor,1,rollin d. salisbury
document_name,1,magna carta
dog,1,roman catholic
domain,1,romanian literature
domesticpartners,1,verónica sánchez 2003-2006
doubles_partner,1,sanave thomas
dpw,1,secretary of public welfare
draft_legue,1,wnba
drafted_round,1,pick 218
draftpipiek,1,# 2 pp
dramas,1,secret love in peach blossom land si shi tong tang
dres_size,1,4 us
drinkware,1,cocktail
drivers,1,buck baker bob flock fonty flock tim flock speedy thompson herb thomas
drivers_champ,1,2 1955 and 1956
duration,1,1 day
décès,1,15 juillet 1947
earl|name,1,the earl of shaftesbury
earnings,1,~ 54
edit,1,first
editor_title,1,editor-in-chief
editorial_duties,1,cambridge journal of economics
education/profession,1,m.b.b.s doctor
educations,1,b.sc
election,1,may 27
election_name,1,oldham by-election
electorate,1,alderman for fitzroy ward
eletion_date,1,november 4
email,1,ramachandra.rao@sansad.nic.in
eman,1,joseph hayne rainey
embed,1,yes -- >
emedicine_mult,1,med 2339
emeritus_members,1,colm mac con iomaire ed kelly lance hogan eoin o'brien dave odlum karl odlum dav
emperor|name,1,ferdinand i and v
empire,1,holy roman empire
employers,1,colby college
employment_field,1,holiday camp
empress|consort|name,1,theodora
endear,1,june 18
endmo,1,june
endorsers,1,ddrum
endowment,1,macarthur foundation
english,1,lee
english_name,1,huang
enthorned,1,july 16
enthronement,1,1 november 2010 parumala seminary
eponym,1,mustafa kemal atatürk
eponymous_skills,1,balance beam
escudo,1,kardinalpallium.png
esoteric_school_tradition,1,fourth way the gurdjieff work
ethinicity,1,hinduism sikh hinduism sikh
ethnic_origin,1,caucasus greek and armenian
ethnicity|field,1,human development
ethnicy,1,russian
etnic,1,bali
event_pre,1,to habsburg further austria
ex,1,jessie martinez
exec_producer,1,aaron larsuel
executive_committee_member_of,1,sopra group
executive_director,1,mark turner
exhibitions,1,art institute of chicago
expired,1,29 december 2011
expositiva,1,has showcased his work in many galleries around the world .
eye,1,green
faculty,1,anthropology
fahther,1,s.m. krishna
famasawards,1,best supporting actress award from famas in 1973 .
family_motto,1,ore et corde idem same of speech and heart
famouswork,1,the phantom lover ren jian si yue tian ju zi hong le si shui nian hua
fan_website,1,kavya
father_name,1,gandu painchaud
fcdebutagainst,1,sussex
fcdebutdate,1,18 may
fcdebutfor,1,warwickshire
fec_date,1,may 31
fechamuerte,1,20 de mayo de 2009 62 años
fechanac,1,21 de agosto de 1946
federations,1,usapl
fiancee,1,amey gosavi
fieldgoals,1,? 0
fieldgoalsb,1,0new_south_wales
fightingoutof,1,xi'an
filmed,1,cologne
filmography,1,jacob two-two
finals,1,asian jr individuals
finish,1,6th place
firm,1,fr-ee fernando romero enterprise
firm_name,1,mandela and tambo
first_conv_win,1,1956 fayetteville 50 fayetteville
first_movie,1,agneepath
firstproshowyear,1,berlin
firstvicepresident,1,abdul rashid dostum
fisdebut,1,march 6
flagalt,1,a red flag with four white stars
flower,1,red carnation
fnickname,1,rie
foot,1,right
for,1,exemplary deeds or services performed for his or her country or fellow citizens 
form,1,novel
formed,1,2011 y london
former_club,1,scats
former_clubs,1,afc wimbledon
former_employer,1,c7 sport
former_names,1,southern college
formerchoreograper,1,galina ishenko
formerlocations,1,el segundo
formermembers,1,natalis chan chan pak san
formernumber/s,1,3 feu lady tamarraws uaap collegiate years & guest player
fosterfather,1,thórir son of hróald
foto,1,kirby_heyborne . jpg
foughtoutof,1,gresham
founded_by,1,tom grub freeland
foundress,1,daughters of the sacred heart
frameless|px|alt,1,perrus in 2012
free_lable,1,education
free_text,1,hilton college
freemason|term_start,1,1787 first tenure 1789 second tenure
freestyle|name,1,elena muratova
frenchopendoublesjuniorrresult,1,sf 2013
frenchopenjuniordoublesjuniorresult,1,w ' 2012
frenchopenseniorresult,1,f 1931 tennisz és golf 1931
friends,1,charlie brockwell
fsted,1,geilo
fullaname,1,josip duvančić
fullnsme,1,christopher byrne
functional_status,1,active on high holidays
funding,1,f.m
future_members,1,irwinator
gallery,1,ace gallery
game,1,starcraft
genera,1,modern classical and music for silent film
general_manager,1,getem apang
general_secretary,1,nora sanders
genres.,1,eurodisco
geo,1,30 3 5 n 31 14 37 e
germanproresult,1,w ' 1933
germany|profession,1,surgeon
goldenraspberryawards,1,worst original song ' 1985 rambo : first blood part ii for the song peace in our
government,1,first french republic
governorgeneral,1,victor hope
grade,1,3 and 5
grade_school,1,notre dame of greater manila
grademilitaire,1,général de brigade
grand_children,1,rithinay rithi punyamurthula and raj babu punyamurthula
grand_daughters,1,sri nyruthy
grand_sons,1,surya sarvajith
grandslamcupresult,1,w ' 1990
grandslamdoublesresults,1,yed
greek,1,africanus : imouthes eusebius : missing eusebius
greek_equivalent,1,ares
greutate,1,79 kg
groups,1,africanism all stars
grown_up,1,pondicherry city
handed,1,right
hanjagye,1,遍 照
hardness,1,full-contact
head_of_state,1,marian spychalski
height.,1,5 ft 9
height_cm,1,178 cm
height_present,1,1.80 m or 5 '11
heightin,1,2 +1
heirlooms,1,demidov collection
hepburn,1,ekan
hghschool,1,new brunswick high school
hidedeliveries,1,balls
highbreak,1,93 snooker 96 billiards
highest_degree,1,doctor of psychological sciences or doktor nauk
highestmixedranking,1,1 april 5
highlights|statlabel,1,receptions
higschool,1,tryon north carolina
hijos,1,alberto manuel
hin,1,लौरेन्स लिआंग
hiragana,1,えかん
holiday_name,1,our lady of meritxell
home_land,1,crescent valley
home_place,1,salinas
home_state,1,california
homepag,1,damirdoma.com
hommage,1,nom gravé sous l'arc de triomphe de l'Étoile
honofiric_prefix,1,the right honourable
honor,1,state awards of mongolia for history of mongolia 2009
honorable_suffix,1,chocolate hero
honoric_prefix,1,the honourable
honorific_sufffix,1,von trebinje
honourific,1,oloye
house_committee,1,ways & means
house_position,1,speaker
house_type,1,dynasty
http_//www.myspace.com/dontetto|current_members,1,diego pulecio carlos leongómez jaime valderrama jaime medina
hundredsflowersawards,1,best supporting actor ' 1983 1997 1999
hurlingcode,1,football
iafd,1,ppeaks
ialt,1,violinist
icallirelandf,1,1 under 21
icallirelandh,1,3 christy ring
icd,1,j 00 460
icpostion,1,left half back
icprovincef,1,1 under 21
icprovinceh,1,1 leinster
id_number,1,us9we-000519dp
image_cap,1,jesse bankston in 1969 while serving from the elected sixth congressional distri
image_flag,1,flag of romania.svg
image_meaning,1,2007 via technologies forum
image_title,1,sergey grishin
imagecapiyon,1,royal flag of the king of egypt and sudan
imagecapt,1,gallant on november 18
imageclass,1,logo
imageinfo,1,millar playing for falkirk in 2013
imagem,1,markanthonyfernandez.jpg
imagem_subtitle,1,bolsonaro em 2009
imagename,1,thumb
images,1,brady in 1915
imagesize|office,1,1st president of singapore
image|birth_name,1,balkar
image|caption|birth_name,1,frank wagenstroom
image|office,1,deputy assistant attorney general department of justice civil rights division
image|othername,1,boogaloo shrimp michael boogaloo shrimp ' chambers
imajge,1,rodney a. grant.jpg
img_size,1,426 ×
imgcapt,1,l-r : keith andrew
infanta|name,1,infanta isabella
informal,1,father
information,1,portrait by artist steph roberts
ingredients,1,* 3 parts brandy
initials,1,l.l.
initiation_date,1,5 may 1974
injury,1,7 -- 21 february shoulder injury
inkers,1,buzz
inquiries,1,ipcc
inspiration,1,danny cooksey
instagram,1,ìhttps :
institutes,1,massachusetts institute of technology
instructor,1,hwang kee
interested,1,entrepreneurship
interment,1,hannibal
internationalcaps,1,?? ??
internationalclubs,1,england schoolboys england youth
internationalcountry,1,new zealand
internationalgoals,1,?? ??
internationalspan,1,2009 -- present 2003 -- 2009
interred,1,east church cemetery
inventor,1,holds u.s. patent for novel multi-peptide regimen for the treatment of autistic 
ipa,1,søʔnam tɕʰɔʔci laŋpɔ
italianleague,1,mc la favorita sarego
ja_name,1,相葉弘樹
ja_name_trans,1,aiba hiroki
joinconcurrence/dissent,1,baxter
joinmajority,1,kennard
jr,1,current office address
judge,1,clark waddoups
junior_club,1,mullumbimby giants
juniorcollege,1,santa rosa
juniorworldchamp,1,2004 5th overall 3rd 1000m 3rd 1500m 3rd 2000m relay
katakana,1,ダーヒンニェニ ・ ゲンダーヌ
kazakh_name,1,Бағлан Асаубайұлы Майлыбаев
keywords,1,polygamy
kidnapping_place,1,lebanon
know_for,1,human development economist
known_name,1,kasiyar akbar ali
konown_for,1,painting
korean_name,1,연등불 yeondeungbul
label_names,1,anne fogarty
labelspouse,1,jyotsna bhate
laestdate,1,10 december
languageorigin,1,old chinese
languages_spoken,1,english
langue,1,français
last_conv_win,1,1959 weaverville 100 asheville-weaverville
last_corona_race,1,2014 ficrea 240 puebla
last_corona_win,1,2014 méxico 240 mexico city
last_irl_win,1,2015 abc supply wisconsin 250 milwaukee mile
last_stopover,1,l'ancienne-lorette quebec city
last_tour,1,experience the divine again ! 1994
lastfcagainst,1,nottinghamshire
lastfcdate,1,31 july
lastfcfor,1,warwickshire
lastfirstclassdate,1,18 august
lastplayeddate,1,16 november
later_work,1,water polo
latest_members,1,rich turbo ben holst jeff schaefer franher joseph darren stanley
lavel,1,gma network
lawsapplied,1,cal . civ . proc . code § 425.16
lbl,1,based on
leaders,1,rachel lee
league_link,1,philippine basketball association
left|alt,1,shahriar manzoor
left||caption,1,steinhäusl left with oberst der schutzpolizei dr. carl retzlaff in 1939 . retzla
leg,1,right
legislativecouncil,1,ceylon
letters,1,ΘΔΧ
life,1,early life
list_notes,1,chairman
listas,1,shah
literaty_languaje,1,english
litigants,1,taus v. loftus
live_in,1,malaysia kuala lumpur malaysia
living_place,1,hyderabad
loc_name,1,Имам Шамил
location_place,1,barossa valley
location_state,1,south australia
location_town,1,schoharie
logieaward,1,nominated for best new talent logie 2003
logo_caption,1,drum corps united kingdom main logo
love|associated_acts,1,angels & airwaves
lqn,1,two ladies trưng
ltupdate,1,2 september 2008
lugarmuerte,1,santo domingo
lyrics,1,james lineberger
légend,1,ludovic hubler au brésil 2003
magnoliaawards,1,best actor ' 2008 golden wedding
maiden_name,1,nicole schvartz
main_char_team,1,atomika arohnir
main_interestes,1,church history
main_organ,1,a power stronger than itself : the association for the advancement of creative m
mainwidth,1,28em
majesty|consort|succession,1,queen consort of portugal
majesty|monarch|name,1,isabella ii
major_shrines,1,eibingen & st. michael and gudula cathedral
majority_leader,1,14th
maltese|language,1,maltese
maltese|occupation,1,songwriter composer guitarist
managerclusb,1,sc villa bell fc kcc buikwe red stars cooperative fc uganda
managerdclubs,1,so cholet
managersclubs,1,fk metalurg youth team fk metalurg
managerteam,1,gloucester city
manger,1,lou alchamaa
mantling,1,party gules and azure lined argent
manuscript,1,thumbnail
map_type,1,west bank
maritalstatus,1,married
marriage_place,1,st patrick catholic church
marriages,1,shirley lavern mann -- december 16
maxim,1,improving the intellectual
member,1,the royal society
member_of,1,belgian federal cabinet european council
members_of_the_nobodys,1,safeway goya alex blanc ' timex burke eric garcia ken yparilla
membership_est,1,500 +
mensuration,1,56-60-46 july 2015
mentors,1,david philipp
minority_leader,1,& thinsp
missing_from,1,lennoxville
mixed,1,yed
mixed_doubles_partner,1,jwala gutta
mna,1,rana mubashir iqbal
mnagerclubs,1,vojvodina
mnc_rom,1,aisin gioro heng sioi
mob,1,january
mobile,1,+880 1711 066 888
mom,1,debbie ezell
mon,1,Сайенинбу
monarchs,1,wanli tianqi
monarch|image,1,stefan the first-crowned
monarch|type,1,monarch
monastic_name,1,rinchen pel
mongolian_name,1,ᠵᠣᠯᠠ ᠢᠢᠨ ᠵᠥᠬᠢᠶᠠᠭᠴᠢ ᠳᠢᠸᠠᠩ ᠭᠠᠷ
monogram,1,corbet_2008_monogram_1 . jpg
month_played,1,october
most_champs,1,ger sk-gaming 7 times
mother_languaje,1,spanish
motives,1,quebec sovereignty and social state
moto,1,christo servire
movie_name,1,natural born pranksters
mp,1,lusaka central
mpsub,1,cherokee trail of tears mps
mra,1,s & # 335
mrgye,1,p yŏnjo
mrstage,1,rich ae
mtvemaawards,1,worldwide act
musicgenre,1,mandapop
myr,1,míng ywǎn
n,1,alan ansen in athens
na,1,bonnie langford
naame,1,walter brooke
nall_team,1,kentucky stickhorses
namae,1,danny sillada
name.,1,thot life
name_english,1,president of national union for the total independence of angola
name_name_lang,1,jpn
namechangedate,1,late 2005
namestyle,1,background-color : lightgreen
name|birthname,1,theodore robert rufus long
namne,1,charles kell
nane,1,terrence metcalf
narrated,1,peter cullen
natioanlity,1,american
nationaility,1,british
national,1,national front
national_motto,1,la fortitudine et prudentia with fortitude and prudence
nationalclubs,1,india
nationaliity,1,nigeria belgium
nationalit,1,usa
nationalities,1,polish & french
nationalteamupdate,1,09:47
nationaltean,1,austria u-21
nationaltiy,1,american
nationlality,1,spanish
nationronity,1,australian
native_bame,1,জামাল নজরুল ইসলাম
native_namae,1,حكاك مصر اﻷول
native_name_language,1,italian
native_names,1,నిర్మలా సీతారామన్
native_official_name,1,श्री ३ जंग बहादुर राणा
natupdate,1,6 september 2012
nba_profiel,1,ryan_reid
ncupdate,1,1 august 2015
nephews,1,stan trotter reg trotter derek trotter great nephew rodney trotter step-great-ne
networks,1,cbc
newnfl,1,tonygeorge
newspaper,1,lys rouge
next_election,1,united kingdom general election
next_tour,1,bathhouse betty club tour 1999
nfldraftpick,1,162 by the baltimore colts
nfldraftteam,1,los angeles rams
nflstatlabel,1,tackles sacks forced fumbles
nhl_team,1,pittsburgh penguins
nickmane,1,ricky
nickname.,1,shine
nicknamed,1,the sniper
nicname,1,mona
niece,1,caroline bell
nikname,1,hamis kiiza
no.,1,# 14 # 10 # 9
noble_family,1,house of poniatowski
nombre_de_nacimiento,1,andrea lagunes barrales
nominated,1,garret fitzgerald garret fitzgerald
none,1,leny andrade
none|name,1,ernest
notable,1,fellow of the american astronautical society
notable_activities,1,creative director
notable_commanders,1,wilhelm von knyphausen johann rall
notable_credits,1,you ca n't do that on television 1988 -- 1990 space host 2008 -- present never e
notable_interest,1,writing beyond the confines of literary boundaries
notable_phd_students,1,zoltan gingl
notable_roles,1,john adams the big c frasier
notableaward,1,flannery o'connor award
notablemovies,1,dhoom dhadhaka 1985 chal re lakshya mumbaila 1989
notableworksandideas,1,pērļu zvejnieks the pearl fisher
noteable_works,1,the woodsman a little bit of heaven
noted_works,1,the upside downs of little lady lovekins and old man muffaroo
noun,1,tomeu penya
nsrhandndndndnfdndndnsskaakakaotable_instruments,1,gibson johnny a. signature edition
nteam,1,united states
ntl_teams,1,rus
ntudpdate,1,14 april 2015
ntupate,1,16 may 2010
num_employees,1,about 452 consultants
number_of_scenes,1,300 + per data18
number_of_shows,1,one night only
numbers,1,300a
number|position,1,guard
nyears,1,2000 -- present
nyupdate,1,16 march 2011
obispo,1,precausa
observedby,1,andorra
occaupation,1,film director screenwriter
occuaption,1,actor
occugfgfgpation,1,novelist
occupacation,1,actor
occupacion,1,singer
occupat,1,tv host
occupatio,1,commissioner
occupation.,1,record producer
occupation/work,1,actress
occupationn,1,musician
occupatiopn,1,lawyer and businessman
occupaton,1,songwriter
occupatuion,1,actor
occupitaion,1,actress
occuptaion,1,singer-songwriter
occuptation,1,author
occuption,1,director
occurrence_type,1,bombing
ocupaţie,1,violinist
ocuppation,1,spanish journalist
office.,1,chairman of abeokuta south local government council
office_name,1,test
officee,1,mayor of biddeford
officesheld,1,* co-founder
official_residence,1,vice-chancellor 's lodge
official_website,1,official website
offwebsite,1,martinkoch.at
ogdenheight,1,5ft 9 inches
olympiad,1,2012 summer olympics
olympic_team,1,finland 2014
olympicsinglessresult,1,2r 2012
olympicsmixeddoublesresult,1,gold medal
onderscheidingen,1,onder meer ridder in de militaire willems-orde
opened,1,29 august 1959
operations,1,operation mizoram
operator,1,canadian pacific air lines
oppucation,1,journalist
ordenación,1,4 de septiembre de 1949 por mons . lucas guillermo castillo hernández
order_,1,members of the 2009 -- 2013 lebanese parliament members of the 2005 -- 2009 leba
order|office,1,minister of information and culture of the united arab emirates
ordination_by,1,aloysius stepinac
organisations,1,international federation of liberal youth 2010 - instituto millenium 2010 - demo
organiztion,1,academy of ancient music
orgin,1,hidden hills
orig_lang,1,german
original_name,1,zh 梅汝璈
originalname,1,რუსუდან ფეტვიაშვილი rusudan petviashvili
originorigin,1,beverley yorkshire
originplace,1,jakarta
osition,1,defensive tackle
other__names,1,nowa cumig
other_information,1,the image is used as the primary means of visual identification of the article t
other_namess,1,il mattatore laurence olivier of italy
other_notable_students_students,1,gilean mcvean postdoc
other_parties,1,conservative party of canada
other_pary,1,progressive alliance of socialists and democrats
othercomps,1,2006 red bull x-fighters series champion - 1st place
otherinfo,1,died in battle
othertheme,1,various throughout the show
othertournamentsdoubles,1,yed
otherwork,1,olympic horserider
overruled,1,implicitly overruled in oasis w. realty
page,1,merab jordania.jpg
pais,1,brazil
pali_transliteration,1,ramhala vahvi
parampara,1,brahma-madhva-gaudiya sampradaya
pareja,1,milagros moccero
parenthood,1,heihuquan
parliamen,1,western australian
parole,1,july 2014
partent,1,medical inventions and mechanical inventions
partido,1,partido de la liberación dominicana pld
party.,1,united national party
pary,1,liberal
past_commanders,1,john chisholm 1564-1606
past_groups,1,oge boyz
pastschool,1,clemson 1990
pastteamsnote,1,yes yes
path,1,sant mat
patriarch,1,17 october 1976
pattern_la,1,_ blacklowerthin
pattern_ra,1,_ blacklowerthin
pattern_sh,1,_ white stripes
pattern_so,1,_ whiteline
paysdorigine,1,français
pcpdate,1,13 november 2014
pemain.html&amp;ei,1,h6n1uuvgayu6iae58ycydq & bvm = bv .60983673
pencil,1,likes the sandford sharpie
pencillers,1,sal abbinanti
pennames,1,leo doletzki
percentage,1,26.7 % 26.2 % 23.6 % 23.5 %
perpetrator,1,mikhail markhasev
person_name,1,syed munir hussain gilani '
personal_motto,1,plikten framför allt duty above all
pervious_versions,1,borne before dropping the name of sutton
pets,1,dogs hoshi and parkie
ph.d_master,1,evanston
phrases,1,sicka
piccaption,1,monument to chin gee hee in taishan city
pictooltip,1,zh 七发 . song dynasty .
picture_format,1,4:3
pinyin_chinese_name,1,shira
pinyinname,1,dīng pèi
place_birth,1,halle
place_of_birth_date,1,fall river
place_of_burial,1,protestant english cemetery
place_rested,1,buenos aires
placeofburial_lanel,1,place of burial
placeofburiedness,1,woodlawn cemetery bronx
placeofresidencel,1,berlin
placeofurial_label,1,place of burial
placofburial_label,1,place of burial
playoff_record,1,0 -- 1 0 1 nfl
political_affiliation,1,republican
political_views,1,libertarian
politicalorganization,1,magaowa
politician,1,conservative member of parliament for inverness
poptime,1,800.000 estimated descendants
populated_states,1,southern india
population_density_km,1,auto
portal,1,knil
portrait,1,in the texas capitol building
posicion,1,extremo
posiiton,1,quarterback
position/s,1,wingman
positionn,1,safety
positon,1,linebacker
post_honorific_suffix,1,cnzm mbe
postal_code_type,1,postal code
postdeegre,1,university of harvard
postdocs,1,jiming bao
postdoctoral_advisors,1,john gerhart john gurdon
postnationality,1,pioneer of the german air force
posts,1,commander of ambulance special patrol ambulance special patrol nmu
practice_areas,1,general practice
practice_location,1,cambridge
precessor,1,none office created
predacessor,1,david jones
predeccesor,1,peter luff
predecesso,1,h. h. asquith
predecessor!,1,chris smith
prededed,1,a. e. newton
predessor,1,president 's rule
predoctoral_advisor,1,steven chu
preferred_foot,1,right
prefix,1,professor
premiere,1,1952 11 yes
prep,1,shake ingredients together with ice
presecessor,1,billy bickson
present,1,public speaker
present_members,1,ansley hughes clyde hargrove chris rimmer jason mills hali kha
present_residence,1,gurgaon
presently_living,1,islamabad
president_bjp_delhi_state,1,2014 - present
pretitle,1,candidate for the u.s. senate from nebraska
prev_irl_pos,1,29th
previous_bands,1,the grasshoppers
previous_election,1,united kingdom general election
previous_versions,1,hunt impaled his livery company 's arms with those of his family during his year
prieminister,1,mir-hossein mousavi
primary,1,tui glen school
primary_school,1,fort hall road primary school
primeministers,1,bogdan filov petur gabrovski acting dobri bozhilov ivan ivanov bagryanov konstan
prior,1,unpublished
proclamación,1,25 de mayo de 1985 por el papa juan pablo ii
proclamation,1,16 april 2009
producers,1,pippa taylor
production,1,ian kremer
productions,1,1970 buffalo
profesión,1,sociólogo
professed,1,23 october 1689
professional_experience,1,wellington management company
professions,1,baker
proffesion,1,lawyer
project,1,brazil
promoter,1,aj iacona
proof,1,90 and 107
property,1,2.0 billion with wife
propogator,1,nimbarka sampradaya
prouducer,1,the alchemist dj rated r nmewreckidz
provinces,1,british columbia
provost,1,verjanis peoples
pub_date,1,october 2008
public_service_commission,1,florida
publication,1,sugava publication
published,1,new york
pxsergeant|unit,1,company d
px|birth_name,1,richard mervin bissell
px|constituency_mp,1,kagawa 3rd district
px|image_caption,1,assassination illustrated in the italian newspaper domenica del corriere
px|mother,1,mary cleveland perkins
px|movement,1,naïve art
px|right|caption,1,jake
px|state_house,1,georgia
px|succession,1,king of lesotho
px|thumbnail||realname,1,jorge antonio kahwagi macari
px|thumb|caption,1,portrait by andrea soldi
px|type,1,usaf astronaut
qn,1,chu văn an
rabbi,1,own rabbi
race/ethnicity,1,white
racket,1,wilson pro staff original
range,1,tenor
rani,1,tatu
reason,1,his death
reason_of_death,1,helicopter shootdown
reasonofdeath,1,cardiac arrest
rec_location,1,wprb princeton
recognized_as,1,amongst india 's top 25 executives below the age of 40 years by business today 2
record_labels,1,brain teldec lsd captain trip onpa
record_location,1,grand canal quay
recording_engineer,1,jerome mark mikulich
reelection,1,20 march 2010 15 march 2014
reference,1,the reverend
regiment,1,duke of wellington 's regiment
registration,1,optional required for forums
regnal,1,sultan muedzul lail tan kiram of sulu
regnal_name,1,khri songtsän gampo
reign_type,1,tenure
relationship_status,1,married
relatives|awards,1,bronze star
relavites,1,jaime aparicio otero
relics,1,san nicolas de tolentino parish
religionpresbyterian.&lt;|signature,1,rachel jackson signature.svg
religious_affiliation,1,orthodox judaism
religiousbeliefs,1,jewish
religiousview,1,born again christian
religión,1,roman catholicism
religon,1,hinduism
renown_name,1,jon walker
repec_prefix,1,edi : eeparfr
replaced,1,cyberathlete professional league
representation,1,the movement
repstatsend,1,1999 season
research,1,diabetic foot \
research_advisors,1,donald pederson
research_students,1,stuart gowland
reseidence,1,guin
residence.,1,new york
residencia,1,guadalajara
residencr,1,sands point
resindence,1,mumbai
rest_place,1,bab al-saghīr cemetery
restaurant,1,romy 's kitchen
restiing_place,1,garibullah shah mazar graveyard
resting_date,1,31 december 2014
restomg_place,1,forest lawn memorial park in pineville
rewards,1,order for the courage iii degree medal 20 years of troops ' withdrawal from afgh
right|office,1,12th ambassador of malaysia to the kingdom of the netherlands
right|thumb|px|birth_date,1,yes 1871 1 30
rl_amateuryears,1,19 ?? -19 ??
rl_clubpoints,1,22-tries 17-goals 100-points
rl_coachupdate,1,11 september 2006
roll,1,sångerska
rollover,1,jiggs parrott
romance,1,freda ward
rosterstatus,1,retired
rowstyle,1,background : #ffd 700
rra,1,seodong
rrgye,1,pyeonjo
rrstage,1,richae
rta_chairman,1,regional transit authority
rtgs,1,phra kasiti khappha phothisat
rthktopgoldsongsawards,1,golden needle award ' 2000 silver jubilee award ' 2002 honor of golden song 35th
ru_amateurupdate,1,20:21
ru_amateuryear,1,? british lions
ru_amatuerclubs,1,ul bohemians
ru_appearances,1,49 8 15 7 ?
ru_appearancesb,1,≥ 1
ru_coachteamb,1,sale
ru_coachteamc,1,lymm rfc
ru_coachteamd,1,new brighton
ru_coachteame,1,macclesfield rufc
ru_coachyearastart,1,2004-12 2012-present
ru_coachyearend,1,≥ 47
ru_coachyearstart,1,≤ 1947
ru_fieldgoals,1,0 0 0 0 ?
ru_goals,1,0 0 0 0 ?
ru_points,1,35 15 20 0 ?
ru_proclubupdate,1,12 oct 2011
ru_professionalclubs,1,upper hutt
ru_schoolyears,1,the woodlands
ru_super,1,blues chiefs chiefs
ru_superupdate,1,1 june 2014
ru_teamd,1,wellington
ru_tries,1,15 3 4 0 ?
ru_yearestart,1,19 ??
rule,1,manager former midfielder
rusting_place,1,near danner
république,1,vème république
s/o,1,mr. anwarul haque
sa,1,i & rct = j & q = & esrc = s & source = images & cd = & cad = rja & docid = ge4h
sagawards,1,outstanding cast 2009 slumdog millionaire
sales,1,+44 0 7983 236 274
samadhi_place,1,shegaon
san,1,kṣitigarbha
scheduling,1,same day each year
school_trdaition,1,continental philosophy
science_degree,1,doctor of physics and mathematics
science_rank,1,doctor of sciences
screen_names,1,riya
screenname,1,irish fullerton
screenplay,1,b. l. venu
screenshot,1,file :
seal,1,coat of arms of ecuador.svg
season,1,gabon
seat_type,1,capital
seats,1,0 577 # 000000 0 348 # 000000 0 74 # 000000
secondvicepresident,1,mohammad sarwar danesh
section,1,royal netherlands indies army
senator_of,1,senator of the federal republic of nigeria .
separated_from,1,the church of jesus christ of latter-day saints
septs,1,abbot
sepulchre,1,cimetière du djellaz
served,1,straight
service_number,1,ao-238
servicedates,1,1849-55 usa 1861-65 csa
services,1,embedded software development
set_in,1,metz
settled,1,kollam
sex/height/weight,1,female
shahanshah|name,1,khosrow i
shoot,1,left
shortdescription,1,german chemical engineer and space researcher
shows,1,jenny huston
siddhi_date,1,yes 1994 1 8 1894 5 3
siddhi_place,1,kanchi mutt
side,1,flag of the bureau of alcohol
signature_a,1,cursive signature in ink
signature_wine,1,stonewell shiraz
signatures,1,zamani 's signature.jpg
significant_job,1,runway debut opening isaac mizrahi fall
signture,1,leung maotao signature.png
singersongwriter|occupation,1,singer and songwriter
sinhala_name,1,ද ප කර dipankara
sisters,1,sylvia karotkin shirley griffin
siteweb,1,petra kelly
skills,1,architecture
skincolor,1,black
slovenianleague,1,amd krsko
slub,1,pécsi atlétikai club
small|px|office,1,prime minister of lower saxony
son_daughter,1,sarina hanna-ishii
soogteams,1,south australia
sooupdate,1,31 december 2007
soulmate,1,madalie johnson
spanish|nationality,1,americanl
specialization,1,american presidency
spiritual_successor,1,paramahamsa niranjanananda saraswati
split,1,french action
sponsorships,1,caledonian club of san francisco
sportsillustrated,1,back of week for play against tennessee in 1959 .
spose,1,daniel naroditsky
spouce_,1,asin thottumkal
spouse_,1,adanma enyidiya okpara
staff_writer,1,kathryn robinson
stagewins,1,1 wrc2 -- 47
startmo,1,mar. .
statcareer,1,career
state/district,1,connecticut
statistics,1,34c - 25 - 35
statnfl,1,statistics
statseason,1,career
statweek,1,1l7
stevefoley.jpg|name,1,steve foley
story,1,b. l. venu based on novel
stroke,1,breaststroke
student_wing,1,tehreek-e talaba-e islam
studies,1,school of fine arts of pirgos . school of fine arts of athens . École nationale 
studio,1,kalakruthi
study,1,moscow art school № 2
style_,1,orthodox
subject|notableworks,1,uncharted
subsect,1,sri kalyani yogasrama samstha
subsid,1,cha cha thé
sucat,1,french
succeded,1,incumbent
successo,1,bouasone bouphavanh
successor!,1,hugh legaré
successors,1,darlene cohen
successor|appointer,1,supreme council of the magistracy
successor|birth_date,1,1959 yes
successro,1,lorenzo dellai
sucessor,1,ahmadou ahidjo
super_bowls,1,super bowl xiii 1978 super bowl xiv 1979
superintendent,1,new jersey school for the deaf
supports,1,superman
surrendered_date,1,march 28
syblings,1,nick simon
tablecolor,1,# 000000
tail_number,1,cf-cua
taoiseach,1,charles haughey
tc,1,索南却朗
tdebutagainst,1,pakistan
tdebutdate,1,24 april
tdebutfor,1,england
teachings,1,nabhi
team_,1,dallas cowboys
team_link.,1,central michigan chippewas men 's basketball
teamlink,1,incheon et land elephants
telephone,1,fax : 225733
tema,1,mobis automons korea
tenunre,1,1881 -- 10 october 1914
term_,1,march 1789
term_ending,1,june 2
term_end|appointer,1,elizabeth ii
text_color,1,#ffffff
textoimagen,1,mexican writer
tha,1,พระกษิติครรภโพธิสัตว์
thai_name,1,พระทีปังกรพุทธเจ้า
theatregoerschoiceawards,1,best actress nomination
themes,1,loss of friendship
thesis_advisor,1,mick keough
this_tour,1,diva las vegas 1997
thumb,1,undercover brothers ug at the launch of their single nsikatila
thumbnail,1,example
thumbnail|background,1,non_vocal_instrumentalist
thumbnail|caption,1,preetha reddy at the world economic forum on india 2012
thumb|alexanderipatov|caption,1,alexander ipatov in wijk aan zee
thumb|birth_name,1,julia scheeres
thumb|center|birthname,1,paulin frydman
thumb|center||caption,1,lee at the incheon airport
thumb|image_alt,1,black-and-white phot of a woman drawing at a drawing board
thumb|minister_from,1,united states
thumb|order,1,prime minister of france
thumb|px|birth_date,1,1818 10 16 y
thumb|px|frame||caption,1,werner krieglstein on stage
thumb|px|name,1,györgy márkus
thumb|px|right|caption,1,garvin alston in kane county
thumb|p|office,1,minister of state
thumb|right|px|alt,1,elena oznobkina
thumb|right|px|birth_date,1,1861 1 16 y
thumb|right|px||caption,1,sickan carlsson in 1940
thumb|state,1,new jersey
thumb|test|caption,1,photo by hervé véronèse at centre georges pompidou paris
thumb||birth_date,1,2 january 1839
thumb||jr/sr,1,united states senator
thumb||name,1,black milk
thumb||state_senate,1,massachusetts
tib,1,ས ཡ ས ང པ
tibetan_name,1,mar me mdzad
tiempo,1,2003 - present
timezone_dst,1,ist west
titel,1,baron
title.,1,wbo european super flyweight champion
title_,1,president
title_won,1,jharkhand icon
titlestyle,1,title
titulo,1,archdiocese of cuenca emeritus
tose|caption,1,at his last concert in skopje
town,1,paris
tpb,1,atomika : god is red
traded_as,1,shoo
trademarks,1,his lisp and lack of height .
trained,1,gene anderson
treatment,1,su excelencia
trend,1,stable
turkey|branch,1,turkish army
tv,1,scandal 2007 - generations ? -2002
tvb_anniversary_awards,1,best actor ' 2013 bounty lady my favourite television character ' 2000 war of th
twentydebutagainst,1,zimbabwe
twentydebutdate,1,11 february
twentydebutfor,1,new zealand
twiter,1,k_k_pal
typedebutagainst,1,queensland
typedebutdate,1,2 november
typedebutfor,1,south australia
type|name,1,richard woodville
ufl,1,hakimsaa001
ugovor,1,july 15
umpire,1,flase
uncle,1,robert b. altman
undergraduate_advisors,1,william kaye estes stephen kosslyn
unit_pref,1,metric
unita|battles,1,first world war second world war
universities,1,physics diploma 1983 university of torino university of california
updaron,1,15 october 2012
updates,1,one or two per month
upright|caption,1,radner c. 2011
upright|xpx|caption,1,demasduit robbie robertson adam beach crystle lightning tahmoh penikett shannon 
url|background,1,solo_singer
used,1,disused as arsenal since 1647
usopendoublesjuniorrresult,1,sf 2012
variants,1,w. l. weller special reserve w. l. weller antique
varietal,1,shiraz riesling chardonnay cabernet sauvignon merlot
venerable_date,1,20 december 1999
venue,1,royal chapel
venues,1,meulan - qingdao
vice_chancellor,1,maulvi shafi ahmed
vicechairman,1,shah mehmood qureshi
viceminister,1,camilo reyes rodríguez
victories,1,' 57 '
video,1,2015 ethiopians interview
vietnamese_name,1,nhiên Đăng phật
village_place,1,ingavali
vocal_range,1,soprano
vocal_type,1,soprano
wanted_since,1,2001 prior to 2014 incarceration
war,1,vietnam war
webalias,1,samproof
webpage,1,web page
website/contact,1,twitter.com
website_caption,1,malkajgiri
website_name,1,nick jordan website
weburl,1,tagonoura stable
werbeagentur,1,linie1 werbeagentur
width|caption,1,delamielleure 's bust in the pro football hall of fame .
wikiquotes,1,myroslav marynovych
wimbledonmixeddoublesresult,1,sf 1994
winery_logo,1,file : peter lehmann logo.gif
winery_name,1,peter lehmann
with,1,tomás de aquino yspopulac
wives,1,gunegunde and guitburgi
wlaf,1,par655
wlafstatlabel,1,receptions yards touchdowns
work_of_debut,1,mihai eminescu 's life
work_organization,1,the world bank
work_place,1,ambejogai
worldcuprank,1,22 -- >
worldproresult,1,w ' 1933
writers,1,andrew dabb
wtachampionsresult,1,w ' 2008
xgames,1,x games 12 moto x best trick silver medal
xpxalt,1,a colour photo of bryan john trottier while skating with no helmet in a hockey r
xpxupright|alt,1,a colour bust photo of adam ruebin beach wearing a grey leather bomber jacket . 
year_end,1,220 ce
year_start,1,230 bce
yearendsinglesranking,1,no. 1
years_achieve,1,2007 -- present
years_actie,1,1975 & ndash
years_active_politi,1,2000 - present
years_actvie,1,1993 - present
years_of_service,1,1973-present
yearsctive,1,2008 -- present
yerasactive,1,actress
youthcllubs,1,sheffield wednesday
youthclubs.,1,monteruscello
youthrepyears,1,1997 & #x 2010
youthteam,1,maccabi tel aviv
youthtear,1,2001 -- 2002 kenya all stars
youthyclub,1,west ham united
z,1,soinam qoglang
zodiacsign,1,taurus
вид,1,fantasy
име,1,Џенгиз
професија,1,пејач пејач
роден,1,1959 Артвин
сitizenship,1,urs ussr
花儿朵朵主持人hazza|name,1,hazza
